region_key,driver,unit,value,low,high,source_url,last_verified,basis,notes,status
us-va-northern,water_rate_usd_per_kgal,USD per 1000 gal,7.59,,,https://www.loudounwater.org/rates-fees-charges-penalties,2026-01,sourced,"Loudoun Water (the retail utility for Loudoun County; Fairfax Water is only the wholesale supplier and was not used). Read off the 'Central System Water and Sewer User Rates' table, Water Usage Rates, Multifamily & Commercial line: Tier 1 $4.42 and Tier 2 $7.59 per 1,000 gallons. Took Tier 2, the top block, as the rate a very large flat-load user pays. Already published per 1,000 gallons; no unit conversion. The page prints the two commercial tiers without stating the gallon threshold between them (only the residential tiers show 0-25,000 / 25,001-50,000 / over 50,000 gal breakpoints), so the exact breakpoint could not be read off the page. Rates effective January 1, 2026. Wastewater is billed separately by Loudoun Water on the same metered volume at $6.59 per 1,000 gallons (all customers), so an all-in volumetric cost is about $14.18 per 1,000 gal. Reclaimed water on the same page is $2.07 per 1,000 gal; non-potable/irrigation is $9.34. Quarterly basic charges are additional and scale with meter size (6-inch commercial water $3,125.80/quarter).",filled
us-tx-dfw,water_rate_usd_per_kgal,USD per 1000 gal,5.88,,,https://codelibrary.amlegal.com/codes/dallas/latest/dallas_tx/0-0-0-125173,2025-10,sourced,"Dallas Water Utilities, Dallas City Code Sec. 49-18.1(c)(2)(B), general (commercial) service usage charges. Three steps read off the page: up to 10,000 gal $5.32; above 10,000 gal $5.88; above 10,000 gal AND above 1.4 times the customer's own annual average monthly use $8.59. Took $5.88, the step that applies above 10,000 gal/month. Did NOT use the $8.59 step: it only triggers on seasonal peaking above 1.4x the customer's own average month, which a flat-load data center will not hit. Published per 1,000 gallons; no conversion. Effective date: the code page carries no 'eff.' note, only the amendment history ending at Ord. 33232, and the page is labeled '4/2026 Code (S-32) (current)'. Dallas resets utility rates each fiscal year on October 1, and the DWU rate insert for this schedule is titled 'City of Dallas utility fees effective October 1, 2025' (https://dallascityhall.com/departments/waterutilities/Documents/COD%20Rates%20Insert_Digital.pdf), so 2025-10 is used; that PDF itself could not be opened (robots/TLS blocked), so the effective date is inferred from its title rather than read inside it. Wastewater is billed separately under Sec. 49-18.2 on metered water volume; that section's rate is not on this page. Fort Worth is a separate utility and prices per CCF - not used.",filled
us-az-phoenix,water_rate_usd_per_kgal,USD per 1000 gal,7.55,6.59,8.2,https://www.phoenix.gov/content/dam/phoenix/waterservicessite/documents/rates_effective_march_2025.pdf,2025-03,sourced,"City of Phoenix Water Services rate schedule effective March 1, 2025. 'User and Other Charges' volume rates, inside-city column: low season (Jan/Feb/Mar/Dec) $4.93 per CCF, medium season (Apr/May/Oct/Nov) $5.65, high season (Jun-Sep) $6.13. Converted at 1 CCF = 748 gal (the schedule states this): value = 5.65/0.748 = 7.55; low = 4.93/0.748 = 6.59; high = 6.13/0.748 = 8.20. Used the medium season for value because a data center runs a flat year-round load. Note the schedule does NOT publish a separate non-residential volume table - the same per-CCF volume rates apply to residential and non-residential inside the city; only the fixed monthly service charge varies by meter size and location. Outside-city volume is 150% of inside. An environmental mandate charge of $0.62 per CCF inside city (=$0.83 per 1,000 gal) is billed on top of the volume rate and is NOT included in value. Wastewater is not in this document and is billed separately.",filled
us-ga-atlanta,water_rate_usd_per_kgal,USD per 1000 gal,8.24,,,https://www.ajc.com/news/local/got-water-atlanta-rates-again-friday/oA6jVZqMeUKulVgVYIt8MN/ https://atlantawatershed.org/waterrates/,2011-07,modeled,"Could not read the current rate off any City of Atlanta Department of Watershed Management page. The official 'Water and Sewer Rates' page (https://atlantawatershed.org/waterrates/) publishes only Fulton County's supplemental sewer charges (service $5.62/30 days, usage $6.72 per CCF effective 1/1/2026) plus the statement that 'Atlanta's water and sewer rates have not increased since 2012' and are held through June 30, 2028. The City's own tiers live only in the '2025 Water-Sewer Rates Fact Sheet' hosted on Google Drive (https://drive.google.com/file/d/1KdbW1uTS5iHjwtp4Vr3dYGyvy4v7DTTm/view), which is robots-disallowed and returned no text via file/view, /preview, uc?export=download and drive.usercontent download; the same file is what ATL311 KB0012935 links to as 'Get Rate Information'. The bill calculator (atlantawatershed.org/billcalculator/) loads from aws.h2o4atl.com, which fails TLS. Also checked atlanta.elaws.us Sec. 154-112 (redirect loop, unfetchable) and library.municode.com (403). So the number here comes from a live AJC news page reporting the last increase in the series: Atlanta charges three increasing tiers per CCF and a data center sits wholly in tier 3 (7+ CCF): WATER $6.16 per CCF, sewer $15.69 per CCF, effective July 1, 2011. Converted 6.16/0.748 = 8.24 per 1,000 gal. Basis is modeled, not sourced, because the figure is (a) from a news page rather than the tariff and (b) carried forward to today on the utility's 'no increase since 2012' statement, which leaves a possible 2012 step unaccounted for. Sewer is billed on the same metered water volume and is roughly 2.5x the water rate ($15.69/CCF = $20.98 per 1,000 gal), so the combined volumetric cost is far larger than the water line alone - Atlanta commonly publishes water and sewer combined, and that combined figure was deliberately NOT used here. Ignored cleanwateratlanta.h2o4atl.com: confirmed dead, now serving gambling spam.",filled
us-oh-columbus,water_rate_usd_per_kgal,USD per 1000 gal,8.84,,,https://www.columbus.gov/files/sharedassets/city/v/6/services/public-utilities/water-rate-chart.pdf,2026-01,sourced,"City of Columbus Division of Water rate chart, all rates stated 'Effective January 1, 2026'. Used the INDUSTRIAL, inside-city row: $6.610 per CCF (rate codes SQIC/SMIC). Converted at 1 CCF = 748 gal: 6.610/0.748 = 8.84 per 1,000 gal. Flat per-CCF commodity charge, no volume blocks, so there is no large-user discount. Which class a data center is billed under matters here and I used INDUSTRIAL: industrial is priced ABOVE commercial in Columbus. For reference, commercial inside city is $5.850 per CCF (WMIC) = $7.82 per 1,000 gal; industrial outside city/suburban is $7.170 per CCF (SQII/SMII) = $9.59; commercial outside city $6.180 (ZQIC) = $8.26. Suburban sites such as New Albany pay the outside-city column. Residential is tiered ($4.448 first 5 CCF/mo, $4.932 over) and is not applicable. Sanitary sewer and stormwater are separate Columbus charges not included in this water figure.",filled
us-il-chicago,water_rate_usd_per_kgal,USD per 1000 gal,4.89,,,https://www.chicago.gov/city/en/depts/fin/supp_info/utility-billing/water-and-sewer-rates.html,2025-06,sourced,"City of Chicago Department of Water Management, water rate history table. Most recent effective row on the page is 6/1/2025 (+4.00%); there is no 6/1/2026 row published as of this check. Headline 'Rate' column is $36.51 per 1,000 CUBIC FEET - recording that directly would overstate cost about 7.5x. Took the adjacent 'Approximate Water Cost' column, $4.89, which the City already states per 1,000 gallons, so no conversion was needed (cross-check: 36.51/7.4805 = 4.88). Flat rate: Chicago has no customer classes and no volume blocks, so a data center pays the same volumetric rate as everyone else. Sewer is billed on the same metered water volume at 100 percent of the water charge (since 1/1/2015) as a separate line item, so the combined volumetric cost is about $9.78 per 1,000 gallons.",filled
us-ut-salt-lake-city,water_rate_usd_per_kgal,USD per 1000 gal,4.52,3.45,5.59,https://www.slc.gov/utilities/fy27rates/,2026-07,modeled,"Salt Lake City Department of Public Utilities FY27 rates, which the page states took effect July 1, 2026. Commercial / Industrial / Institutional water: summer (April-October) $4.18 per CCF, winter (November-March) $2.58 per CCF. Converted at 1 CCF = 748 gal: summer 4.18/0.748 = 5.59 (high), winter 2.58/0.748 = 3.45 (low). value is the simple unweighted mean of the two seasonal rates ((4.18+2.58)/2 = 3.38 per CCF = 4.52 per 1,000 gal) - basis is modeled because of that averaging, not because of the unit conversion. Summer is 62% above winter, so the single annual number is misleading without the range; a real flat-load bill would be month-weighted (7 summer months / 5 winter months would give about 4.70). The obvious page slc.gov/utilities/pay-my-bill/current-rates carries residential rates only and was not used. Sewer for this class is billed on 70% of metered water consumption at $10.97 per CCF ($14.67 per 1,000 gal of sewered volume) plus $9.58/month per ERU - i.e. sewer is on the same water volume but discounted to 70% of it, and it is well above the water rate.",filled
us-tx-san-antonio,water_rate_usd_per_kgal,USD per 1000 gal,5.04,,,https://www.saws.org/service/water-sewer-rates/general-class-rates/ https://www.saws.org/service/water-sewer-rates/water-supply-fee/,2026-01,modeled,"San Antonio Water System, General Class (commercial/industrial). SAWS splits the volumetric water charge across two separate published schedules and both must be added. (1) Water Delivery, general-class page, 'Effective for Consumption on or about January 1, 2026', inside city: base block (up to 100% of the customer's annual average monthly use) $1.958 per 1,000 gal; then $2.252 (>100-125%), $2.937 (>125-175%), $3.427 (>175%). (2) General Class Water Supply Fee, base block $3.079 per 1,000 gal (then $3.541 / $4.619 / $5.389). Sum of the base blocks = 1.958 + 3.079 = $5.037, rounded to 5.04 per 1,000 gal. Both components are already per 1,000 gallons; no unit conversion. Used the BASE block because SAWS defines blocks as a percentage of the customer's own prior-year average month, not fixed gallons - a flat-load data center sits in its own base block essentially all year and never escalates. The supply fee is larger than the delivery charge, so reading only the general-class page would understate water cost by about 61%. Basis is modeled because the two components carry different vintages: the delivery page states January 1, 2026 while the water supply fee page's table is labeled 2024 under a legacy 'effective January 1, 2023' heading, so the sum is not a single as-published number. Wastewater is billed on the same volume, flat across all usage, at $4.3680 per 1,000 gal inside city (2026), which nearly doubles the volumetric bill to about $9.41.",filled
us-or-portland,water_rate_usd_per_kgal,USD per 1000 gal,11.81,,,https://www.portland.gov/water/pay-your-utility-bill/water-bill-rates-and-charges,2026-07,sourced,"Portland Water Bureau, water volume charge $8.833 per CCF for the fiscal year July 1, 2026 to June 30, 2027 (rates reset every July 1). Converted at 1 CCF = 748 gal: 8.833/0.748 = 11.81 per 1,000 gal. Flat rate - no volume blocks, no separate commercial class, so a large flat-load user pays the same volumetric rate as everyone else. Sewer (sanitary) is billed on the same metered water volume and is higher than water itself: nonresidential $14.73 per CCF = $19.69 per 1,000 gal (residential $14.24 per CCF), same FY26-27 effective period, so the combined volumetric cost is about $31.50 per 1,000 gal. Stormwater is deliberately excluded from this per-gallon rate because it is not volumetric: it is charged on impervious/developed area at $14.739 per 1,000 sq ft of billable area per 30 days.",filled
us-ne-omaha,water_rate_usd_per_kgal,USD per 1000 gal,2.63,,,https://www.mudomaha.com/wp-content/uploads/2025/12/W-3-Eff-01.2026-FINAL.pdf,2026-01,sourced,"Metropolitan Utilities District of Omaha, Rate Schedule W-3 Large Volume Industrial Water Service, effective January 2, 2026 (linked from https://www.mudomaha.com/rates-fees/). W-3 is a declining block: the first 5,000 CCF or less is a LUMP SUM of $11,456.00 (not a per-unit rate), and the marginal rate over 5,000 CCF is $1.9657 per CCF. Took the marginal over-5,000-CCF rate: 1.9657/0.748 = 2.63 per 1,000 gal (schedule states 1 CCF = 748 gal). Did not divide the lump sum by anything - at exactly 5,000 CCF it implies $2.29/CCF, and dividing it by any other volume gives a wrong number. Which schedule a data center actually qualifies for: W-3 requires an industrial process user with normal consumption of 5,000+ CCF/month and a one-year commitment, and explicitly excludes irrigation; W-4 is 'available to AND REQUIRED OF' commercial and industrial customers buying water primarily for sprinkling, lake/lagoon recharge and/or COOLING. A data center whose load is chiefly evaporative cooling would therefore be pushed onto W-4, whose over-1,100-CCF block is $2.0093 per CCF Nov-May ($2.69 per 1,000 gal) and $4.0350 per CCF Jun-Oct ($5.39 per 1,000 gal) - materially worse in summer. W-2 (general commercial/industrial) is $2.0309 per CCF Nov-May and $2.7187 Jun-Oct ($2.71 / $3.63 per 1,000 gal). Value reported is W-3 as instructed; treat W-4 as the realistic downside. A $11,456 minimum monthly commodity charge plus a meter service charge (up to $1,405/mo at 12-inch) applies under W-3, and a 2% statutory payment applies inside city/village limits. Sewer is set by the City of Omaha, not MUD, and is not included.",filled
us-ia-des-moines,water_rate_usd_per_kgal,USD per 1000 gal,3.7,,,https://www.dmww.com/customer_service/rates___service_areas/des_moines.php,2026-01,sourced,"Des Moines Water Works, Commercial/Industrial rate table, effective January 1, 2026. Declining block: Step 1 (0-150,000 gal/mo) $7.15, Step 2 (150,001-450,000) $4.80, Step 3 (over 450,000 gal/mo) $3.70 per 1,000 gal inside the City of Des Moines. Took Step 3, the bottom marginal block, because a data center is far above 450,000 gal/month; the headline Step 1 figure is about double the true marginal rate. Already per 1,000 gallons, no conversion. Outside-city commercial/industrial is $8.85 / $6.65 / $4.75 by the same steps. Do not confuse with the residential schedule, which is increasing block, or with irrigation at $10.70 per 1,000 gal inside city. A capital improvement fee applies to some accounts on top. Sanitary sewer is a City of Des Moines charge, not a DMWW charge, and is not included here.",filled
us-nv-reno,water_rate_usd_per_kgal,USD per 1000 gal,,,,https://tmwa.com/tmwa-customer-service/water-rates/,,,"GAP - could not read a TMWA volumetric rate off any page. The TMWA water rates landing page lists the schedule names only ('Residential Metered Service', 'General Metered Water Service (GMWS)', 'Interruptible Service (IWS)', 'Interruptible Large Volume Nonpotable Service Rates and Charges (ILVNPS)') and shows no numbers; the rate figures sit behind click-through PDFs whose destination URLs are not exposed in the fetched page markup, so the GMWS schedule could not be opened and I will not guess a PDF path. What I tried: fetched tmwa.com/tmwa-customer-service/water-rates/ four times (asking for links, then for any dollar figures, then for the accordion contents) and tmwa.com/tmwa-customer-service/; searched for 'TMWA GMWS rate schedule pdf', 'General Metered Water Service Truckee Meadows commodity charge', site:tmwa.com rate schedule pdf, and tmwa.com/wp-content/uploads rate schedule - these returned only superseded schedule books from 2012, 2014 and 2015 (tmwa.com/docs/Customer_Services/rates/20140201_TMWA_Rate_Schedule-final.pdf and the wp-content mirror), both of which are robots-disallowed and in any case out of date; opened tmwa.com/docs/tmwa-metered-bill-explainer.pdf (explains tier 1/2/3 structure but prints no dollar amounts), tmwa.com/wp-content/uploads/2021/11/topics_rates_20211115.pdf (structure only, no figures), tmwa.com/financial-information/ (no ACFR link URLs exposed) and the 12/11/2025 TMWA board minutes (references a cost-of-service and rate design study, no rate table). web.archive.org is blocked by the egress proxy (403) and direct curl to tmwa.com is blocked, so I could not resolve the PDF links another way. Structural notes that stand regardless: TMWA bills NO sewer - sanitary sewer in this market is the City of Reno or Washoe County - and TMWA adds non-commodity line items (monthly service charge by meter size, and Water System Facility charges) that are easy to miss on top of any commodity rate. The Interruptible and Interruptible Large Volume Nonpotable schedules exist and are the ones worth pricing for cooling load, since nonpotable interruptible supply is normally cheaper than GMWS.",gap
ie-dublin,water_rate_usd_per_kgal,USD per 1000 gal,6.04,6.04,6.6,https://www.water.ie/business/billing/charges,2025-10,sourced,"Uisce Eireann (national non-domestic tariff, applies to Dublin). Opened the Business > Billing > Charges page and read the volumetric table effective 1/10/2025-30/09/2026. Declining band structure, so per the rule I took the bottom block: Band 5 (>=2,300,000 m3/yr) water = EUR 1.39/m3. Band 4 (250,000-2,299,999 m3/yr), the band most real Dublin data centres actually fall in, is EUR 1.52/m3 -> USD 6.60/kgal, recorded as high. Band 3 (20,000-249,999) is EUR 1.71. Conversion: 1.39 / 0.87138 EUR-per-USD = USD 1.5952/m3; / 0.264172 = USD 6.04 per 1,000 US gal. FX: ECB reference rate USD/EUR 0.87138, pulled 2026-07-30 from api.frankfurter.dev (ECB daily reference rates). WASTEWATER: billed by Uisce Eireann on the same metered volume and is large - Band 4 wastewater EUR 2.40/m3 (USD 10.43/kgal), Band 3 EUR 2.45, Band 2 EUR 2.50. No wastewater rate is published for Band 5. So a Dublin site's all-in volumetric cost is roughly 2.5x the water figure alone. The page also already publishes the next year's rates (1/10/2026-30/09/2027: Band 5 water EUR 1.45, Band 4 EUR 1.47) - not used because they are not yet effective on 2026-07-31.",filled
nl-amsterdam,water_rate_usd_per_kgal,USD per 1000 gal,5.13,5.13,7.02,https://www.waternet.nl/zakelijk/drinkwater-voor-bedrijven/kosten-met-watermeter/,2026-01,sourced,"Waternet, business (zakelijk) drinking-water page 'Kosten met watermeter'. 2026 variabel tarief is EUR 1.18/m3 and is FLAT across all consumption bands - only the vastrecht (standing charge) steps up (0-1,000 m3 EUR 90.55/yr; 1,000-10,000 EUR 1,056; 10,000-100,000 EUR 8,561; >100,000 m3 EUR 69,368/yr). Value uses the volumetric rate only. Conversion: 1.18 / 0.87138 = USD 1.3542/m3; / 0.264172 = USD 5.13 per 1,000 US gal. FX: ECB reference rate USD/EUR 0.87138, pulled 2026-07-30 from api.frankfurter.dev. BELASTING OP LEIDINGWATER (national tap-water tax): EUR 0.437/m3 in 2026, but the page states that from 2026 the ceiling above which no BOL is due moved from 300 m3 to 50,000 m3/yr - so a data centre pays BOL on its first 50,000 m3 only and its MARGINAL rate above that is the bare EUR 1.18/m3. 'high' = 1.18 + 0.437 = EUR 1.617/m3 -> USD 7.02/kgal, i.e. the effective rate inside the first 50,000 m3. 9% BTW applies on top and is recoverable by a business, so it is excluded. WASTEWATER: not billed by Waternet as a simple per-m3 volumetric charge - Amsterdam levies rioolheffing (municipal sewerage levy, banded on metered water use) and Waternet levies zuiveringsheffing per vervuilingseenheid (pollution unit), not per m3; I did not find a per-m3 equivalent on this page so no number is claimed. The provincial grondwaterheffing (groundwater levy) applies only to self-abstraction, not to metered mains supply.",filled
de-frankfurt,water_rate_usd_per_kgal,USD per 1000 gal,10.47,10.47,11.21,https://www.mainova.de/resource/blob/64518/03ee3a40fae13841c85cf699e2e9a1d2/preisblatt-aqua-classic-ab-010726-data.pdf,2026-07,sourced,"Mainova AG is the retailer for Frankfurt am Main (Hessenwasser is the upstream bulk producer, not the biller). Opened the Preisblatt 'Mainova Aqua Classic' gueltig ab 01.07.2026, reached from https://www.mainova.de/de/tarife/mainova-aqua-classic. Wassermengenpreis (volumetric): EUR 2.41/m3 net, EUR 2.58/m3 gross incl. 7% MwSt. Jahresgrundpreis EUR 51.73 net / EUR 55.35 gross. The Preisblatt is a single tariff explicitly covering 'Privat- und Gewerbekunden' - Mainova publishes NO separate large-industrial block or declining tariff, so there is no top/bottom block to choose; very large sites would negotiate a Sondervertrag that is not published. Value uses the NET rate (a business recovers MwSt): 2.41 / 0.87138 = USD 2.7657/m3; / 0.264172 = USD 10.47 per 1,000 US gal. 'high' is the gross rate EUR 2.58 -> USD 11.21/kgal. FX: ECB reference rate USD/EUR 0.87138, pulled 2026-07-30 from api.frankfurter.dev. WASTEWATER: separate municipal charge from Stadtentwaesserung Frankfurt am Main, billed on the SAME metered volume - Schmutzwassergebuehr EUR 1.45/m3 (= USD 6.30 per 1,000 US gal), read at https://www.stadtentwaesserung-frankfurt.de/gebuehren-satzungen/abwassergebuehren (that page did not print an effective-from date, so the 1.45 figure is 'as published, accessed 2026-07-31'). Niederschlagswassergebuehr is EUR 0.50 per m2 of sealed area per year - area-based, not volumetric, so excluded from the per-gallon rate. All-in volumetric water+sewer is therefore about USD 16.77 per 1,000 gal.",filled
uk-slough,water_rate_usd_per_kgal,USD per 1000 gal,8.27,8.27,13.79,https://www.thameswater.co.uk/media-library/pw4dyf54/indicative-wholesale-charges-schedule-2026-27.pdf,2026-04,modeled,"THIS IS A WHOLESALE PRICE, NOT A RETAIL PRICE. England's non-household water market has been fully competitive since 2017, so the price a Slough data centre actually pays is a negotiated retail contract that is not published anywhere; I could not find any published retail tariff. Slough sits in Thames Water's supply area, so I used Thames Water's 'Indicative wholesale charges schedule 2026-27', effective 1 April 2026, which I opened and read. Non-household metered potable water volumetric bands: 0-20,000 m3 272.07 p/m3 (NHHMPW1-4); 20,000-50,000 m3 248.94 p/m3; 50,000-250,000 m3 204.05 p/m3; OVER 250,000 m3 163.24 p/m3 (NHHMPW7). Declining block, so value = bottom block 163.24 p/m3 = GBP 1.6324/m3. Conversion: 1.6324 / 0.74691 GBP-per-USD = USD 2.1855/m3; / 0.264172 = USD 8.27 per 1,000 US gal. 'high' = the smallest-user band 272.07 p/m3 -> USD 13.79/kgal. FX: ECB reference rate USD/GBP 0.74691, pulled 2026-07-30 from api.frankfurter.dev. Basis is 'modeled' because wholesale is being substituted for retail: a retailer adds a gross margin (typically low single-digit % of the wholesale charge) plus the retailer's own fixed fees, so true retail is somewhat above this. Large users also pay flat annual supplementary charges (intermediate GBP 4,626 / large GBP 27,071 / super-large GBP 129,096) that are not volumetric. WASTEWATER: billed on the same metered volume - non-household metered foul-drainage wholesale volumetric charge is 156.61 p/m3 for standard bands, falling to 125.28 p/m3 for users over 100,000 m3 (plus a GBP 29,756 annual supplementary charge). 125.28 p/m3 = USD 6.35 per 1,000 US gal, so sewer adds roughly 75% on top of the water rate for a large site.",filled
fr-paris,water_rate_usd_per_kgal,USD per 1000 gal,7.43,5.19,18.31,https://www.eaudeparis.fr/sites/default/files/2025-12/Catalogue%20des%20tarifs%202026.pdf,2026-01,modeled,"Eau de Paris 'Catalogue des tarifs 2026', opened directly; tariffs effective 1 January 2026. Eau de Paris publishes ONE volumetric tariff - there is no separate tarif non-domestique and no volume blocks, so a large industrial user pays the same per-m3 as everyone else (only the part fixe / abonnement varies with meter size). Value = the all-in WATER-side volumetric total, summing the components printed in the catalogue (all EUR/m3 TTC): fourniture d'eau potable 1.1942 + redevance soutien d'etiage 0.0074 + redevance prelevement sur la ressource en eau 0.0928 + redevance Voies Navigables de France 0.0169 + redevance performance reseaux d'eau potable 0.0406 + redevance consommation d'eau (Agence de l'eau Seine-Normandie) 0.3587 = EUR 1.7106/m3. Conversion: 1.7106 / 0.87138 = USD 1.9633/m3; / 0.264172 = USD 7.43 per 1,000 US gal. 'low' = the bare fourniture d'eau potable 1.1942 -> USD 5.19/kgal. 'high' = the complete bill including assainissement -> EUR 4.2142/m3 -> USD 18.31/kgal. FX: ECB reference rate USD/EUR 0.87138, pulled 2026-07-30 from api.frankfurter.dev. Basis 'modeled' because the value is a sum of six separately-printed line items, not a single figure read off the page. WASTEWATER: billed on exactly the same metered volume and it is the larger half of the bill - collecte des eaux usees (Ville de Paris / SAP) EUR 0.6699/m3, transport et epuration (SIAAP) EUR 1.6984/m3, redevance performance reseaux de collecte EUR 0.1353/m3, total EUR 2.5036/m3 = USD 10.88 per 1,000 US gal. Figures are TTC (5.5% VAT on water supply, 10% on assainissement); a business recovers VAT, so net-of-VAT costs are ~5% lower. Cross-check: Eau de Paris's own price page (https://www.eaudeparis.fr/prix-de-leau) quotes EUR 4.23 TTC/m3 all-in for 2026, consistent with the EUR 4.2142 sum above.",filled
se-lulea,water_rate_usd_per_kgal,USD per 1000 gal,8.38,8.38,10.48,https://www.lulea.se/download/18.6f508c4419b9e137f78da/1767887291720/VA%20taxa%20Lule%C3%A5%20kommun%202026.pdf,2026-01,sourced,"Lulea kommun 'VA-taxa 2026 - Taxa foer Lulea kommuns allmaenna vatten- och avloppsanlaeggning', opened directly; taxan traeder i kraft 2026-01-01. Brukningsavgift, rorlig avgift: VATTEN 21.25 SEK/m3 excl. moms (26.56 SEK/m3 incl. 25% moms). There is no declining or increasing block - the rorliga avgift is flat. The taxa does carry separate tariff codes for hyres- och industrifastighet (VA2,5HI / V2,5HI / A2,5HI), but those differ only in the fixed annual charge; the per-m3 rate is identical, so an industrial site pays the same volumetric rate. Value uses the ex-moms rate (a business recovers moms): 21.25 / 9.5938 SEK-per-USD = USD 2.2150/m3; / 0.264172 = USD 8.38 per 1,000 US gal. 'high' is the incl-moms rate 26.56 SEK/m3 -> USD 10.48/kgal. FX: ECB reference rate USD/SEK 9.5938, pulled 2026-07-30 from api.frankfurter.dev. WASTEWATER: billed on the same metered volume at exactly the same rate - avlopp/spillvatten 21.25 SEK/m3 ex moms (USD 8.38 per 1,000 US gal), so combined VA is 42.50 SEK/m3 ex moms = USD 16.77 per 1,000 US gal. A site of hyperscale size would in practice negotiate a separate industrial agreement outside this published taxa (as the northern Swedish DC market generally does), so treat the published taxa as an upper bound on the volumetric rate.",filled
no-oslo,water_rate_usd_per_kgal,USD per 1000 gal,17.11,17.11,19.67,https://www.oslo.kommune.no/vann-og-avlop/tilknytningsgebyr-arsgebyr-og-vannmaler/vann-og-avlopsgebyrer/,2026-01,sourced,"Oslo kommune, Vann- og avloepsetaten, page 'Vann- og avloepsgebyrer'. Read the table 'Priser for beregning av vann- og avloepsgebyrer fra 1. januar 2026'. VANN: 43.23 kr/m3 ekskl. mva (49.71 kr/m3 inkl. 15% mva). Oslo charges a single flat kr/m3 - there are no consumption blocks and no separate naerings/industri tariff, so a large flat-load customer pays the same volumetric rate as everyone else; only the fixed abonnementsgebyr scales. Value uses the ex-mva rate (a business recovers mva): 43.23 / 9.5641 NOK-per-USD = USD 4.5198/m3; / 0.264172 = USD 17.11 per 1,000 US gal. 'high' is the inkl-mva rate 49.71 kr/m3 -> USD 19.67/kgal. FX: ECB reference rate USD/NOK 9.5641, pulled 2026-07-30 from api.frankfurter.dev. WASTEWATER: billed on the same metered water volume - avloep 28.81 kr/m3 ekskl. mva (33.13 kr/m3 inkl. mva) = USD 11.40 per 1,000 US gal ex mva. Combined vann + avloep = 72.04 kr/m3 ex mva = USD 28.51 per 1,000 US gal, i.e. sewer adds about two-thirds on top of the water rate. Oslo is by a wide margin the most expensive potable water in this 13-market set.",filled
sg-singapore,water_rate_usd_per_kgal,USD per 1000 gal,9.53,6.32,10.38,https://www.pub.gov.sg/Resources/News-Room/PressReleases/2023/09/Water-price-to-rise-from-April-2024-Government-to-provide-support,2025-04,sourced,"PUB non-domestic potable water. The current PUB water-price page (https://www.pub.gov.sg/Public/WaterLoop/Water-Price) publishes its tables as images that cannot be read as text, so I used PUB's own press release with the annex price tables, which I opened and read. NON-DOMESTIC potable water, S$/m3, from 1 April 2025: Water Tariff 1.43 + Water Conservation Tax 0.72 + Waterborne Fee 1.09 = TOTAL 3.24 (all figures before GST; the total is printed in the table, not derived by me). Singapore's non-domestic tariff is flat - there are no consumption blocks. I found no evidence of a further revision taking effect in 2026, so the 1 April 2025 rates are current. Conversion: 3.24 / 1.2875 SGD-per-USD = USD 2.5165/m3; / 0.264172 = USD 9.53 per 1,000 US gal. 'low' = tariff + WCT only (S$2.15, i.e. excluding the waterborne/used-water element) -> USD 6.32/kgal. 'high' = S$3.24 grossed up for 9% GST (S$3.5316) -> USD 10.38/kgal. FX: ECB reference rate USD/SGD 1.2875, pulled 2026-07-30 from api.frankfurter.dev. WASTEWATER: the Waterborne Fee IS the used-water charge and is levied on the same metered volume - S$1.09/m3 = USD 3.21 per 1,000 US gal, already included in the 3.24 total above per the row instruction. NEWATER (reclaimed - what a Singapore data centre would actually buy for cooling): from 1 April 2025, Tariff 1.28 + WCT 0.13 + Waterborne 1.09 = TOTAL S$2.50/m3 before GST = USD 7.35 per 1,000 US gal, about 23% cheaper than potable. Same source table. PUB also lists an Industrial Water tariff but no figures for it appear in this press release.",filled
jp-tokyo,water_rate_usd_per_kgal,USD per 1000 gal,9.39,8.53,9.39,https://www.reiki.metro.tokyo.lg.jp/reiki/reiki_honbun/g101RG00001800.html,2019-10,sourced,"Tokyo Metropolitan Government Bureau of Waterworks. The Bureau's own rate pages (waterworks.metro.tokyo.lg.jp) return HTTP 403 to automated fetches, so I read the statutory tariff table in the Tokyo Metropolitan Water Supply Ordinance (Toukyou-to kyuusui jourei) on the TMG regulations site, which I opened successfully. Steeply INCREASING block tariff, so per the rule I took the TOP block. Juuryou ryoukin (volumetric), yen/m3: 5-10 m3 22; 10-20 m3 128; 20-30 m3 163; 30-50 m3 202; 50-100 m3 213; 100-200 m3 298; 200-1,000 m3 372; OVER 1,000 m3 404. A data centre is unambiguously in the over-1,000 m3 top block. Kihon ryoukin (fixed monthly charge) scales with meter diameter for a large-diameter service: 100mm JPY 94,568; 150mm JPY 159,094; 200mm JPY 349,434; 250mm JPY 480,135; 300mm and above JPY 816,145 per month - fixed, not volumetric, so excluded from the per-gallon rate. The ordinance states the tabulated amounts are the base multiplied by 110/100, i.e. they INCLUDE 10% consumption tax. Value uses the published tax-inclusive JPY 404/m3: 404 / 162.94 JPY-per-USD = USD 2.4794/m3; / 0.264172 = USD 9.39 per 1,000 US gal. 'low' is the tax-exclusive equivalent (404/1.1 = JPY 367.27/m3), which is what a business effectively bears after recovering consumption tax -> USD 8.53/kgal. FX: ECB reference rate USD/JPY 162.94, pulled 2026-07-30 from api.frankfurter.dev. LAST_VERIFIED CAVEAT: the ordinance text I read does not print an effective-from date alongside the table; the tax-inclusive figures reflect the 10% consumption tax rate in force since October 2019, so I recorded 2019-10 as the earliest date these exact yen figures can date from. SEWERAGE: billed separately by the TMG Bureau of Sewerage on the same metered volume and is also steeply increasing - top block (over 1,000 m3) JPY 345/m3, read at https://donichi-suidou.com/tokyo-suidou-ryoukin/ (a secondary source, used because the Bureau's own pages 403) = USD 8.02 per 1,000 US gal, so sewer adds roughly 85% on top of the water rate.",filled
in-mumbai,water_rate_usd_per_kgal,USD per 1000 gal,1.98,,,https://www.freepressjournal.in/mumbai/mumbai-bmc-plans-water-tax-hike-for-2025-26-amid-rising-expenditure-proposal-under-legal-review,2025,modeled,"PARTIAL SOURCING - READ THIS BEFORE USING. Municipal Corporation of Greater Mumbai (MCGM/BMC), Hydraulic Engineer's department. The only water-charges schedule MCGM publishes online is 'Water Charges Rules effective from 01.04.2015' (https://portal.mcgm.gov.in/irj/go/km/docs/documents/MCGM%20Department%20List/Hydrallic%20Engineer/DOCS/Water%20Charges%20Rules%20effective%20from%2001.04.2015_English.pdf), which I opened and read: Rs/1,000 litres by category - slum 3.24; general residential 4.32; educational/hospital 17.28; small commercial 32.40; shops-offices-restaurants-1&2-star hotels 43.20; 3-star-plus hotels and racecourses 64.80; construction and bottled-water manufacture 90.00; sewerage charged at 70% of the water charge; rates escalated 8% w.e.f. 16.06.2015 by Standing Committee resolution and revised most years since. I could not find any CURRENT official MCGM rate schedule published online - the only later official document I could open was 'Revised Water Tanker Charges w.e.f. 16.06.2018' (https://www.mcgm.gov.in/irj/go/km/docs/documents/MCGM%20Department%20List/Hydrallic%20Engineer/DOCS/Revised%20Water%20Tanker%20Charges%20w.e.f.%2016.06.2018..pdf), which shows the same categories at Rs 38.25 / 50.99 / 76.49 per KL (a uniform 18% above the 2015 base) and confirms sewerage at 70% of water charges. For the current figure I used the Free Press Journal report (opened and read) which states BMC's present charges are Rs 6 per 1,000 litres residential and Rs 50 per 1,000 litres COMMERCIAL AND INDUSTRIAL, and that no hike has been applied for two years while a 2025-26 increase sits under legal review. Value = Rs 50 per 1,000 litres = Rs 50/m3. Conversion: 50 / 95.69 INR-per-USD = USD 0.5225/m3; / 0.264172 = USD 1.98 per 1,000 US gal. FX: ECB reference rate USD/INR 95.69, pulled 2026-07-30 from api.frankfurter.dev. Basis is 'modeled' because the operative number comes from a newspaper report rather than the utility's own published schedule; the utility's own current schedule does not appear to be on the public web. SEWERAGE: per the official 2015 rules, billed at 70% of the water charge on the same volume - Rs 35/m3 = USD 1.38 per 1,000 US gal, so all-in volumetric is about USD 3.36 per 1,000 US gal. Searched: MCGM/BMC hydraulic engineer water charges rules, 'w.e.f. 16.06.2024/16.06.2025' revised rates, BMC 2025-26 budget, Citizen Matters Mumbai water tariff coverage, and the MCGM portal document library.",filled
br-sao-paulo,water_rate_usd_per_kgal,USD per 1000 gal,23.63,22.69,23.63,https://www.arsesp.sp.gov.br/Documentosgerais/NT_1__REAJUSTE_TARIFARIO_DA_SABESP__Tarifa_Aplicacao___URAE1___assinado.pdf,2026-01,modeled,"SABESP, regulated by ARSESP. SABESP's own site (sabesp.com.br) blocks automated fetches, so I used ARSESP's signed technical note 'NT 1o Reajuste Tarifario da SABESP - Tarifa de Aplicacao - URAE-1', which I opened and read; the new tarifas de aplicacao take effect 1 January 2026 (reajuste of 6.1106% plus 0.3558% for tax updates). Tabela 1, category COMERCIAL / INDUSTRIAL / PUBLICA (sem contrato), quoted verbatim from the document: 0-10 m3 R$ 81.57/month fixed; 11-20 m3 R$ 15.95/m3; 21-50 m3 R$ 30.57/m3; ACIMA DE 50 m3 R$ 31.84/m3 - identical figures for Tarifa Agua and Tarifa Esgoto. This is an increasing block tariff, so per the rule value = the top block, R$ 31.84/m3 water. Conversion: 31.84 / 5.1006 BRL-per-USD = USD 6.2424/m3; / 0.264172 = USD 23.63 per 1,000 US gal. 'low' = the 21-50 m3 block (R$ 30.57) -> USD 22.69/kgal. FX: ECB reference rate USD/BRL 5.1006, pulled 2026-07-30 from api.frankfurter.dev. Basis is 'modeled' because the document contains ten regional tables and does not name Sao Paulo capital explicitly; I identified Tabela 1 as the capital's table because it covers SABESP's metropolitan business units OC, OL, OO, ON and OS (Centro, Leste, Oeste, Norte, Sul - the city of Sao Paulo) and because it carries the highest tariffs in the document, matching the metropolitan region. Cross-checked against the pre-privatisation base table (Deliberacao ARSESP 1.514/2024, reproduced in Anexo IV at https://semil.sp.gov.br/desestatizacaosabesp/wp-content/uploads/sites/24/2024/05/Anexo-IV.pdf), where the same category shows R$ 29.90-equivalent levels that escalate to R$ 31.84 under the 1.061106 x 1.003558 adjustment. WASTEWATER - CONFIRMED: SABESP charges esgoto at EXACTLY THE SAME rate as agua in every band (R$ 31.84/m3 in the top block), on the same metered volume. The true all-in volumetric cost of a Sao Paulo site is therefore R$ 63.68/m3 = USD 47.26 per 1,000 US gal, precisely double the headline water figure. Note also that the table is the 'sem contrato' schedule; a very large industrial customer can sign a demanda-firme contract with SABESP at negotiated rates that are not published.",filled
mx-queretaro,water_rate_usd_per_kgal,USD per 1000 gal,,,,,,,"GAP - NO VOLUMETRIC COMMERCIAL/INDUSTRIAL RATE CONFIRMED. Utility is Comision Estatal de Aguas de Queretaro (CEA). CEA's tarifario application at https://appcea.ceaqueretaro.gob.mx/Tarifario/ returns HTTP 403 to every automated request (also tried https://appcea.ceaqueretaro.gob.mx, https://appcea.ceaqueretaro.gob.mx/Tarifario/Home); the main CEA site https://www.ceaqueretaro.gob.mx/ and https://www.ceaqueretaro.gob.mx/tarifas/ also return 403, so I could not read the official tariff table off any page. Queretaro's official gazette 'La Sombra de Arteaga', where CEA's tariffs are legally published, was not reachable at the domain I tried (https://lasombradearteaga.segobqueretaro.gob.mx/ resolves to an unrelated placeholder site). Secondary sources I did open give only fragments, not a usable commercial/industrial volumetric rate: Rotativo Queretaro (https://rotativo.com.mx/metropoli/queretaro/economia-cea-descarta-aumento-agua-2026-descuentos-contrataciones-queretaro_1531920_102.html) and Noticias de Queretaro (https://noticiasdequeretaro.com.mx/2025/12/04/descarta-cea-aumento-a-las-tarifas-de-agua-en-2026/) both report only that CEA will hold the cost of a cubic metre of potable water at 30 pesos in the Queretaro metropolitan zone for 2026 - explicitly the domestic/average figure, not the tarifa comercial or industrial. El Universal Queretaro (https://www.eluniversalqueretaro.mx/cartera/la-cea-anuncia-aumento-en-las-tarifas-de-agua/) gives only the fixed base charges by class (comercial 259.28 pesos, industrial 351.43 pesos) and states these are before the consumption charge is added, without publishing the per-m3 consumption rates. Because the row requires the non-domestic volumetric rate and I could not read one off any live page, I have left value null rather than convert the 30-peso domestic figure and present it as an industrial rate. Also note the general searches run: CEA Queretaro tarifas 2026 comercial industrial pesos por metro cubico; CEA tarifario La Sombra de Arteaga; plus direct navigation attempts against both CEA domains.",gap
ca-toronto,water_rate_usd_per_kgal,USD per 1000 gal,8.95,8.95,13.11,https://www.toronto.ca/services-payments/property-taxes-utilities/utility-bill/water-rates-fees/,2026-01,sourced,"City of Toronto, Toronto Water. Read the water-rate table on the City's 'Water Rates & Fees' page, effective 1 January 2026. Two-block declining structure: BLOCK 1 (up to 5,000 m3/yr) CAD 4.8629/m3 on-time (CAD 5.1188 late); BLOCK 2 (consumption over 5,000 m3/yr) CAD 3.3219/m3 on-time (CAD 3.4967 late). THE INDUSTRIAL WATER RATE PROGRAM STILL EXISTS and Block 2 is exactly that programme - the page states 'Block 2 rates apply to businesses participating in the Industrial Water Rate Program', and Council approved a 3.75% increase for Block 1 versus only 1.25% for Block 2 for 2026. A data centre enrolled in the programme therefore pays the Block 2 rate, which is 32% below Block 1; if it is NOT enrolled it pays Block 1 on everything, which is why Block 1 is recorded as 'high'. Value = CAD 3.3219/m3 (on-time payment; late payment adds 5.26%). Conversion: 3.3219 / 1.4046 CAD-per-USD = USD 2.3650/m3; / 0.264172 = USD 8.95 per 1,000 US gal. 'high' = Block 1 CAD 4.8629/m3 -> USD 13.11 per 1,000 US gal. FX: ECB reference rate USD/CAD 1.4046, pulled 2026-07-30 from api.frankfurter.dev. WASTEWATER: no separate volumetric sewer rate appears on this page - the only 'Wastewater Fees' listed are one-off service-connection and technical-review charges (CAD 440.78 to CAD 14,718.78), not a per-m3 charge. The Block 1 / Block 2 consumption rates are the consumption charge shown on the Toronto utility bill; I did not find a second per-m3 sewer line item to add, so no sewer number is claimed here. Toronto also bills a separate stormwater/solid-waste line that is not volumetric.",filled
us-va-northern,water_rate_reclaimed_usd_per_kgal,USD per 1000 gal,2.07,,,https://www.loudounwater.org/rates-fees-charges-penalties,2026-01,sourced,"Loudoun Water rates page, 'Reclaimed Water Usage Rate' line: $2.07 per 1,000 gallons, All Customer Classes, effective January 1, 2026. Already in $/1,000 gal, no conversion. Same page shows Multifamily & Commercial potable Tier 1 at $4.42/kgal, so reclaimed is a 53% discount to potable. Note the separate 'Non-potable/Irrigation' line at $9.34/kgal is a DIFFERENT product (potable water used for irrigation) and is not the reclaimed rate. Wastewater is billed separately at $6.59/kgal but reclaimed cooling makeup that evaporates is not returned to sewer. This is a published tariff, not contract-negotiated.",filled
us-tx-dfw,water_rate_reclaimed_usd_per_kgal,USD per 1000 gal,2.4434,,,https://www.fortworthtexas.gov/departments/water/wholesale,2025-10,sourced,"City of Fort Worth wholesale water/wastewater/reclaimed customer page: reclaimed water volume charge $2.4434 per 1,000 gallons for usage starting Oct. 1, 2025 (FY2026). Already in $/1,000 gal, no conversion. This is a WHOLESALE reclaimed rate; Fort Worth's retail rate page (fortworthtexas.gov/departments/water/rates, eff. Jan 1 2026) lists residential/commercial/industrial/irrigation potable rates per CCF but NO reclaimed line. Checked Dallas Water Utilities as the alternative: Dallas City Code Chapter 49, Article II (Rates, Charges and Collections, Secs. 49-3 to 49-18.17) has sections for treated water, wastewater, untreated water and wholesale service to governmental entities but NO reclaimed/reuse rate section, so Dallas publishes no reclaimed tariff. Fort Worth municipal code Sec. 35-56(j)(1) also carries a reclaimed rate but is stale (last stated values $1.45/$1.50 per kgal for 2010-2014 with 5% annual escalation thereafter); the FY2026 wholesale page figure supersedes it.",filled
us-az-phoenix,water_rate_reclaimed_usd_per_kgal,USD per 1000 gal,,,,https://www.phoenix.gov/content/dam/phoenix/waterservicessite/documents/rates_effective_march_2025.pdf,2025-03,,"No reclaimed/recycled water tariff found. Opened and read the official City of Phoenix Water Rate Schedule effective March 1, 2025 (rates_effective_march_2025.pdf): it contains monthly service charges, seasonal user/volume charges and environmental charges for potable service only, with no reclaimed, recycled, effluent or non-potable line. Also checked the Phoenix Water and Sewer Rates landing page (phoenix.gov/administration/departments/waterservices/city-services-bill/water-sewer-rates.html) and the Phoenix City Code Chapter 37 (Water) index — no reclaimed water rate section. Phoenix Water Services publishes no reuse rate. Phoenix's 91st Avenue WWTP effluent is not tariffed: it is sold under the negotiated Municipal Effluent Purchase and Sale Agreement between the SROG cities (Phoenix, Mesa, Glendale, Scottsdale, Tempe) and the Palo Verde Nuclear Generating Station participants, i.e. a bilateral contract price, not a published rate. Any Phoenix-metro data center reclaimed supply would likewise be contract-negotiated.",gap
us-ga-atlanta,water_rate_reclaimed_usd_per_kgal,USD per 1000 gal,1.13,,,https://www.gwinnettcounty.com/documents/d/gwinnett-county/dwr-rates-fee-schedule-2026,2026-01,sourced,"CAUTION - different utility from the potable Atlanta row. The City of Atlanta Department of Watershed Management publishes NO reclaimed rate (checked atlantawatershed.org/waterrates and its rate bill sheet), and Clayton County Water Authority's 2026 rate page (ccwa.us/217/New-2026-Rates, eff. Jan 1 2026) lists only potable water and sewer tiers with no reuse line - CCWA's reuse is indirect potable reuse via constructed wetlands back to its reservoirs, so there is nothing to bill volumetrically. The figure recorded here is the nearest real published Atlanta-metro reclaimed tariff: Gwinnett County Department of Water Resources 2026 Rates and Fee Schedule, 'Non-Potable Reuse Cost per 1,000 Gallons Used' = $1.13, effective January 2026, applicable to commercial and multi-family accounts. Already per 1,000 gallons, no conversion. Gwinnett is a live Atlanta-metro data center jurisdiction (F. Wayne Hill Water Resources Center reuse system). Use with the caveat that a City of Atlanta site could not buy at this rate.",filled
us-oh-columbus,water_rate_reclaimed_usd_per_kgal,USD per 1000 gal,,,,https://www.waterworld.com/water-reuse/article/55385910/columbus-explores-water-reuse-to-support-data-center-growth-and-long-term-water-supply-needs,2026,,"No reclaimed/recycled water tariff found - and confirmed none exists yet. Searched the City of Columbus 2026 Rates page (columbus.gov/Services/Columbus-Water-Power/Find-Utility-Rates-Fees-and-Connection-Charges/2026-Rates, eff. Jan 1 2026: water +18%, sewer +8%, stormwater +2%, no reclaimed line), the Columbus Division of Water and Division of Water Reclamation pages, and the published water rate chart. Columbus Water & Power publishes no reuse rate. The cited trade article confirms Columbus is only at the planning stage: it is evaluating a conceptual centralized reuse facility at the Southerly Water Reclamation Facility (20-40 MGD) that would send advanced-treated effluent through a purple-pipe network to industrial users including data centers, with a 6-9 month regulatory roadmap and a possible design RFP in 2027. Nothing is operational and nothing is priced.",gap
us-il-chicago,water_rate_reclaimed_usd_per_kgal,USD per 1000 gal,,,,https://mwrd.org/what-we-do/protecting-water-quality/water-reuse,2025,,"No reclaimed/recycled water tariff found. Searched the MWRD water reuse page (cited), MWRD's wastewater treatment and Stickney/Calumet plant pages, the City of Chicago Water and Sewer Rates page (chicago.gov/city/en/depts/fin/supp_info/utility-billing/water-and-sewer-rates.html, most recent rate eff. 6/1/2025) and the Citywide Water Service Price Schedule. Neither the Metropolitan Water Reclamation District of Greater Chicago nor the Chicago Department of Water Management publishes a volumetric reclaimed water rate. MWRD's own page describes reuse only as internal plant process water that saves MWRD money on potable purchases; it states no price, fee or 'free of charge' offer to external customers. MWRD is a wastewater/stormwater agency with no retail billing authority (it is funded by property taxes and user charges to industrial dischargers), and Chicago DWM sells only Lake Michigan potable water. Any reclaimed supply to a Chicago-area data center would require a bespoke MWRD agreement with no published price - the claim of a nominal or zero volumetric charge could not be confirmed against any live MWRD page.",gap
us-ut-salt-lake-city,water_rate_reclaimed_usd_per_kgal,USD per 1000 gal,,,,https://www.slc.gov/utilities/fy27rates/,2026-07,,"No reclaimed/recycled water tariff found. Opened the Salt Lake City Department of Public Utilities FY27 rates page (effective July 1, 2026). It lists only potable classes: Residential (tiered), Multi-family ($3.97/CCF summer, $2.58/CCF winter) and Commercial/Industrial/Institutional ($4.18/CCF summer, $2.58/CCF winter). No reclaimed, recycled, reuse, secondary or non-potable class appears. Also searched the SLC Public Utilities water reclamation facility pages and the 2024 SLC water/wastewater/stormwater rate study. SLC Public Utilities publishes no reuse rate; effluent from the new Water Reclamation Facility is discharged to the Jordan River / Great Salt Lake rather than sold. Note that pressurized secondary irrigation water in the Salt Lake Valley is sold by separate districts (e.g. Jordan Valley Water Conservancy District) and is untreated canal water, not reclaimed effluent, so it is not recorded here.",gap
us-tx-san-antonio,water_rate_reclaimed_usd_per_kgal,USD per 1000 gal,2.49,2.4317,2.5781,https://www.saws.org/service/water-sewer-rates/recycled-water-service/,2026-01,sourced,"SAWS Recycled Water Service rate page, rates effective January 1, 2026. Used the Non-Edwards Exchange customer class (a data center with no Edwards Aquifer rights to transfer), top block 'over 748,000 gallons': $2.4317 per 1,000 gallons standard and $2.5781 per 1,000 gallons seasonal. Seasonal applies for five billing months, on or about May 1 to September 30. Value is the 12-month blend: (7 x 2.4317 + 5 x 2.5781)/12 = 2.4927, rounded to 2.49. low/high are the standard and seasonal rates. Already per 1,000 gallons, no conversion. For reference the Edwards Exchange class is far cheaper ($0.5936/kgal on the transferred amount) but requires the customer to hand SAWS an equivalent Edwards Aquifer permit. A monthly service availability charge by meter size ($22.52 for 5/8 inch up to $1,705.49 for 12 inch in 2026) applies on top and is excluded from this volumetric figure. This is a published tariff, not contract-negotiated.",filled
us-or-portland,water_rate_reclaimed_usd_per_kgal,USD per 1000 gal,,,,https://www.portland.gov/water/pay-your-utility-bill/water-bill-rates-and-charges,2026-07,,"No reclaimed/recycled water tariff found. Opened the Portland Water Bureau water bill rates and charges page (volume charge $8.833/CCF effective July 1, 2026, no reclaimed line), the Water Bureau's rate-setting rule ADM-14.07 'Rates and Charges for Water and Water-Related Services', and the Bureau of Environmental Services 'Full List of Environmental Services Rates and Charges' - the BES list covers sanitary sewer, stormwater, system development charges and permit fees only, with no recycled, reclaimed or non-potable category. Neither Portland Water Bureau nor Portland BES publishes a recycled water rate. Recycled water produced at the Columbia Boulevard Wastewater Treatment Plant is used on-site and for a small number of non-billed uses; there is no purple-pipe tariff a data center could buy against. Separately note Portland's stormwater charge is per 1,000 sq ft of impervious area, not volumetric, so it does not belong in any per-gallon water figure.",gap
us-ne-omaha,water_rate_reclaimed_usd_per_kgal,USD per 1000 gal,,,,https://www.mudomaha.com/rates-fees/,2026-01,,"No reclaimed/recycled water tariff found. Opened the Metropolitan Utilities District of Omaha Rates & Fees page and enumerated every published water schedule effective January 2026: W-1 Residential, W-2 Commercial and Industrial, W-3 Large Volume Industrial, W-4 Commercial & Industrial Sprinkling/Lake Recharge/Cooling, W-FL Private Fire Line, WIR Infrastructure Replacement rider, and WWS Wholesale Water Service. There is no reclaimed, recycled, reuse or non-potable schedule. M.U.D. publishes no reuse rate. Note W-4 covers COOLING but is potable water from the M.U.D. system, not reclaimed effluent, so it is not recorded here. Also checked the City of Omaha Public Works sewer-use-fee material (the city, not M.U.D., sets sewer charges and runs the Papillion Creek and Missouri River water resource recovery facilities); the Omaha Public Works page returned 403 and no reuse rate surfaced in search. No Omaha-area purple-pipe tariff exists.",gap
us-ia-des-moines,water_rate_reclaimed_usd_per_kgal,USD per 1000 gal,,,,https://www.dmww.com/customer_service/rates___service_areas/des_moines.php,2026-01,,"No reclaimed/recycled water tariff found. Opened the Des Moines Water Works Des Moines rate page (effective January 1, 2026): it lists only availability charges, tiered Residential, declining-block Commercial/Industrial, and Irrigation (secondary meters exempt from sewer). No reclaimed, recycled, reuse or non-potable class. DMWW publishes no reuse rate. Also searched the Des Moines Metropolitan Wastewater Reclamation Authority (dmmwra.org) and West Des Moines Water Works rate pages; WRA is a regional wastewater treatment authority funded by member-community charges and publishes no volumetric reuse rate to end customers (its treated-effluent reuse is internal plant process water and a district-energy/CHP application, not a purple-pipe retail product). Note sewer in Des Moines is a City of Des Moines charge, not DMWW.",gap
us-nv-reno,water_rate_reclaimed_usd_per_kgal,USD per 1000 gal,0.83,0,0.83,https://thisisreno.com/2024/05/cost-for-effluent-lands-local-golf-course-in-the-rough/,2024,modeled,"TMWA is the potable retailer and does NOT sell reclaimed effluent; reclaimed water in the Truckee Meadows is sold by the City of Reno (Reno-Stead Water Reclamation Facility) and Washoe County (South Truckee Meadows WRF). TMWA's rate page (tmwa.com/tmwa-customer-service/water-rates/) does list 'Non-potable Service (NPS)' and 'Interruptible Large Volume Nonpotable Service (ILVNPS)' schedules, but those are raw/ditch surface water, not reclaimed effluent, and the numeric schedules are inside click-through PDFs whose URLs are not exposed on the page and which could not be opened (site blocked direct retrieval and archive.org was proxy-blocked), so no TMWA figure is recorded. Value is derived from the cited source, which reports the City of Reno's effluent price to the Sierra Sage Golf Course as 50% of the metered irrigation off-peak rate of $1.66 per 1,000 gallons: 0.50 x 1.66 = $0.83 per 1,000 gallons (2024). Basis is 'modeled' because the number is a computed 50% of a potable irrigation rate reported in a news article and set by a 1999 bilateral agreement, not a published reclaimed tariff sheet. low = 0.00 because the same source states Washoe County charges nothing for South Truckee Meadows WRF effluent supplied to parks, golf courses and schools, since surplus capacity means county wastewater fees already cover operating cost. Also checked Washoe County Utility ordinance index, which cites Ordinance No. 1535 as governing reclaimed water utility service and related fees, but neither the county utility pages nor Municode Chapter 40 exposed a numeric reclaimed rate. A data center's reclaimed supply here would be contract-negotiated.",filled
us-va-northern,land_cost_per_acre_usd,USD per acre,4400000,2100000,6340000,https://northernvirginiamag.com/news/2026/03/24/data-center-developer-offers-ashburn-homeowners-4-4-million-per-acre/ https://www.loudounnow.com/news/loudoun-land-data-center-values-soar-while-home-assessments-hold-steady/article_d7977ab6-f33b-4dc2-8203-d53bc9a8ebc4.html https://www.datacenterdynamics.com/en/news/sdc-capital-partners-buys-97-acres-of-data-center-zoned-land-in-virginia-for-615-million/ https://www.datacenterfrontier.com/site-selection/article/11428233/data-center-boom-pushes-prince-william-land-to-nearly-1m-an-acre,2026-03,sourced,"DATA-CENTER LAND PREMIUM APPLIES - this is NOT generic industrial land. Loudoun 'Data Center Alley' land trades at a large multiple of ordinary industrial land, so the data-center-relevant figure is reported per instruction. Four sources, all printing $/acre on the page: (1) Loudoun County Commissioner of the Revenue via Loudoun Now, 2026 assessment cycle - average SALE price for data center property $3.76M/acre, up $1.4M YoY; (2) Northern Virginia Magazine 24-Mar-2026 - developer offering $4.4M/acre for a 130-acre residential assemblage in Ashburn, i.e. the current marginal price a DC developer will pay for a large contiguous site; (3) DatacenterDynamics - SDC Capital Partners paid $615.05M for 97 acres of DC-zoned land at Cochran Mill Rd, Leesburg (Nov 2025) = $6.34M/acre, the record trade, used as high; (4) Data Center Frontier - Ashburn Data Center Alley valued $2.1M+/acre, used as low. Value set at $4.4M/acre = upper end of the typical current range for a large assembled DC site, not the $3.76M assessment average (method says do not use averages) and not the $6.34M record outlier. Generic non-DC industrial land in Loudoun is an order of magnitude cheaper and is not what this row measures.",filled
us-tx-dfw,land_cost_per_acre_usd,USD per acre,176471,19971,514851,"https://www.landsearch.com/properties/dallas-tx/filter/size%5Bmin%5D=10,tag=industrial",2026-07,modeled,"Aggregate of live listings (source type c). LandSearch, Dallas-Fort Worth radius, filtered to tag=industrial and size min 10 acres: 11 listings, all priced. Observed $/acre: Forney 194ac $19,971; Seagoville 39ac $51,282; Royse City 140ac $54,816; Ferris 83.9ac $64,997; Ferris 261ac $64,900; Sunnyvale 53.8ac $116,173; Hutchins 13ac $130,769; Seagoville 11.5ac $130,000; Farmersville 10ac $147,500; Wilmer 10.2ac $176,471; Celina 10.1ac $514,851. Low=cheapest (Forney), high=dearest (Celina). Value=$176,471 (Wilmer, southern DFW industrial corridor) = upper end of the clustered range; the Celina figure is a single small 10-acre lot in a north-DFW residential growth corridor and is excluded from value as an outlier per the method's warning about small-lot distortion. Asking prices, not closed trades, hence modeled.",filled
us-az-phoenix,land_cost_per_acre_usd,USD per acre,349683,5377,349683,"https://www.land.com/Phoenix-%26-Central-Arizona-Region/commercial-property/ https://www.landsearch.com/properties/maricopa-county-az/filter/size%5Bmin%5D=10,tag=industrial",2026-07,modeled,"Aggregate of live listings (source type c), two aggregators because Phoenix 10+ acre industrial inventory is thin. LandSearch Maricopa County, tag=industrial, 10+ acres: 6 listings, all far West Valley / exurban - Gila Bend 130ac $5,377; Wittmann 30ac $16,667; Tonopah 19ac $19,500; Tonopah 32ac $30,000; Gila Bend 70ac $34,014; Buckeye 20ac $37,500. Land.com Phoenix & Central Arizona commercial land 10+ acres: Eloy 2,358ac $24,998; Buckeye 126ac $349,683; regional median $187,341/acre (stated on page). Value=$349,683 (Buckeye 126-acre parcel) as upper end - Buckeye/Goodyear is the West Valley data center corridor with power and fiber, so it is the data-center-relevant end of the range. Low=$5,377 = raw Gila Bend desert acreage, the kind of unserviced parcel the method says drags averages down. High=value here because no priced 10+ acre listing above it was found. Note NO large industrial listings were found inside the Phoenix city limits on either aggregator; all 10+ acre supply is exurban.",filled
us-ga-atlanta,land_cost_per_acre_usd,USD per acre,430657,27317,537634,"https://www.landsearch.com/properties/georgia/filter/size%5Bmin%5D=10,tag=industrial",2026-07,modeled,"Aggregate of live listings (source type c). LandSearch Georgia statewide, tag=industrial, size min 10 acres = 116 listings; filtered by hand to metro Atlanta counties (Fulton, DeKalb, Cobb, Gwinnett, Clayton, Coweta, Barrow) = 7 listings: Winder (Barrow) 29.1ac $27,317; Suwanee (Gwinnett) 61.3ac $35,564; Newnan (Coweta) 11.5ac $57,878; Lithonia (DeKalb) 17.7ac $113,011; Jonesboro (Clayton) 10.8ac $342,593; Newnan (Coweta) 13.7ac $430,657; Duluth (Gwinnett) 18.6ac $537,634. Low and high are the min and max of those 7. Value=$430,657 = upper end of the typical range for an infill/near-in metro industrial site; the Duluth $537,634 is the single dearest and is held as high rather than value. County-level LandSearch and Fulton County queries returned zero 10+ acre industrial listings, so the state-filtered query was used. Asking prices, hence modeled.",filled
us-oh-columbus,land_cost_per_acre_usd,USD per acre,264999,189214,264999,"https://www.yourresearchresource.com/post/chart-of-the-month-columbus-land-sales-trends-2021-2025 https://www.landsearch.com/properties/columbus-oh/filter/size%5Bmin%5D=10,tag=industrial",2026-07,modeled,"Two sources. (1) Your Research Resource 'Columbus Land Sales Trends 2021-2025' chart, which prints Q4 2025 land sales at $189,213.56 per acre market-wide and states that parcels bought for PROPOSED DATA CENTER use averaged nearly $235,000 per acre - it also cites the 131-acre Worthington Rd / Amgen sale at roughly $191,000 per acre. (2) LandSearch Columbus radius, tag=industrial, 10+ acres: exactly 1 listing - 13219 Beecher Gamble Rd, Marysville (Union County) 370 acres asking $98,050,000 = $264,999/acre, a large contiguous site of the type a data center would buy. Low=$189,214 (Q4 2025 published market-wide $/acre, data period 2025-12). Value and high=$264,999, the only current 10+ acre industrial asking price and the upper end observed. Modeled because it mixes a published transaction average with a single live asking price. Note the data center premium is visible but modest here: $235k vs $189k, roughly 1.24x, nothing like Loudoun.",filled
us-il-chicago,land_cost_per_acre_usd,USD per acre,790110,14821,790110,"https://www.landsearch.com/properties/illinois/filter/size%5Bmin%5D=10,tag=industrial https://www.landsearch.com/properties/will-county-il/filter/size%5Bmin%5D=10,tag=industrial",2026-07,modeled,"Aggregate of live listings (source type c). LandSearch Illinois statewide, tag=industrial, size min 10 acres = 20 listings; filtered by hand to Chicago metro counties = 4: Frankfort (Will) 73.4ac $14,821; Geneva (Kane) 30ac $99,833; Cary (McHenry) 46ac $149,543; Elwood (Will) 27.3ac $790,110. Low and high are the min and max of those 4. Value=$790,110 - the Elwood parcel sits in the I-55/I-80 CenterPoint intermodal core, the submarket a large industrial or data center user would actually target, and the method directs use of the upper end rather than the average. Only 4 qualifying listings exist so the gap between $149,543 and $790,110 is unfilled; treat value as the serviced-core figure and $100k-$150k as the outer-collar figure. City-of-Chicago queries returned zero 10+ acre industrial listings (inventory there is sub-1-acre infill). For historical context CBRE put Chicago industrial land at $250,000/acre in 2017. Asking prices, hence modeled.",filled
us-ut-salt-lake-city,land_cost_per_acre_usd,USD per acre,370370,52556,370370,"https://www.landsearch.com/properties/utah/filter/size%5Bmin%5D=10,tag=industrial",2026-07,modeled,"Aggregate of live listings (source type c). LandSearch Utah statewide, tag=industrial, size min 10 acres = 16 listings; filtered by hand to the Salt Lake City metro / Wasatch Front (Salt Lake, Utah, Davis, Weber, Tooele counties) = 4: Tooele 13.3ac $52,556; Eagle Mountain (Utah Co) 69ac $261,279; Ogden (Weber) 11.2ac $285,714; Payson (Utah Co) 10.8ac $370,370. Low=$52,556 (Tooele, the far west outlying county). Value and high=$370,370 = upper end of the observed range. Both LandSearch Salt Lake City radius and Salt Lake County returned zero 10+ acre industrial listings - all qualifying Wasatch Front supply is in the collar counties, so this is a collar-county proxy for the metro and understates land inside the Salt Lake County core. Asking prices, hence modeled.",filled
us-tx-san-antonio,land_cost_per_acre_usd,USD per acre,99926,16000,326493,"https://www.landsearch.com/properties/san-antonio-tx/filter/size%5Bmin%5D=10,tag=industrial",2026-07,modeled,"Aggregate of live listings (source type c). LandSearch San Antonio radius, tag=industrial, size min 10 acres: 10 listings, all priced. Observed $/acre: Elmendorf 44ac $16,000; Floresville 83ac $26,687; Von Ormy 133ac $37,594; Atascosa 15.3ac $45,751; San Antonio 78263 27.6ac $52,536; Schertz 133ac $52,632; San Antonio 78266 20.9ac $62,201; Converse 49ac $71,429; Elmendorf 54.4ac $99,926; Elmendorf 10.9ac $326,493. Low and high are min and max. Value=$99,926 (Elmendorf 54.4-acre site) = upper end of the clustered range; the $326,493 figure is a single 10.9-acre lot priced far above every other parcel in the set and is held as high only, per the method's warning that small lots price per acre far higher. Asking prices, hence modeled.",filled
us-or-portland,land_cost_per_acre_usd,USD per acre,58911,25363,58911,"https://www.land.com/Portland-Metro-Oregon-Region/commercial-property/ https://www.land.com/Washington-County-OR/commercial-property/ https://www.land.com/Clackamas-County-OR/commercial-property/ https://www.landsearch.com/properties/oregon/filter/size%5Bmin%5D=10,tag=industrial",2026-07,modeled,"WEAK ROW - read the caveat. No 10+ acre INDUSTRIAL-tagged listing exists anywhere in the Portland metro on either aggregator: LandSearch Portland radius returns 0, and the Oregon statewide industrial 10+ acre query returns 17 listings, all in central/coastal/southern Oregon (Prineville, Roseburg, Newport, Coos Bay, Independence, Hines) with none in Multnomah, Washington, Clackamas or Columbia counties. Portland's industrial land shortage inside the urban growth boundary is the reason. Fallback used: land.com commercial land 10+ acres in the Portland metro region = 3 listings - Cornelius (Washington Co) 157ac $25,363; Cornelius 300ac $28,849; Estacada (Clackamas Co) 161ac $58,911. Low=$25,363, value and high=$58,911 (upper end). CAUTION: these are large rural-fringe parcels (one is a leased rock-products site, the Cornelius ones are nursery ground) and materially understate serviced industrial land inside the UGB - on the same source, sub-10-acre commercial parcels in the metro ask $356,812/ac (Sandy), $433,428/ac (Forest Grove), $482,233/ac (Estacada infill) and $648,701/ac (Canby). If this row is used for a serviced site, the sub-10-acre band is the better guide.",filled
us-ne-omaha,land_cost_per_acre_usd,USD per acre,157895,89286,431970,"https://www.landsearch.com/commercial/omaha-ne https://www.landsearch.com/properties/nebraska/filter/size%5Bmin%5D=10,tag=industrial",2026-07,modeled,"Aggregate of live listings (source type c). The industrial-tagged 10+ acre query for Nebraska returns 9 listings and NONE are in the Omaha metro (Douglas, Sarpy, Cass, Washington, Saunders) - they are North Platte, Seward, Fremont, Auburn, Crete. Fallback to LandSearch commercial land, Omaha radius, listings 10 acres or larger = 4: Gretna NE 112ac $89,286; Gretna NE 28.5ac $157,895; Carter Lake IA 13ac $398,741; Carter Lake IA 12ac $431,970. Low=$89,286, high=$431,970. Value=$157,895 (Gretna 28.5ac) = upper end of the industrial-plausible range; the two Carter Lake parcels sit next to Eppley Airfield and are priced as commercial/retail assemblage rather than industrial ground, so they are carried as high but not as the working figure. Asking prices, hence modeled. Cross-check for scale: land.com Douglas County shows an 8-acre Valley NE commercial parcel at $118,750/acre, consistent with the Gretna band.",filled
us-ia-des-moines,land_cost_per_acre_usd,USD per acre,95000,62854,95000,"https://www.landsearch.com/properties/des-moines-ia/filter/size%5Bmin%5D=10,tag=industrial",2026-07,modeled,"Aggregate of live listings (source type c). LandSearch Des Moines radius, tag=industrial, size min 10 acres: 4 listings, 3 with published prices - Indianola 30.2ac $62,854/acre; Indianola 27.1ac $70,055/acre; Ankeny 10ac $95,000/acre. The fourth (Bondurant, 211 acres) lists no price and is excluded. Low=$62,854, value and high=$95,000 (Ankeny, the northern Des Moines industrial/logistics growth corridor and the closest of the three to metro infrastructure) = upper end of the observed range. Small sample; only three priced 10+ acre industrial parcels exist in the market on this aggregator. Asking prices, hence modeled.",filled
us-nv-reno,land_cost_per_acre_usd,USD per acre,45802,6806,45802,"https://www.landsearch.com/properties/nevada/filter/size%5Bmin%5D=10,tag=industrial https://www.landsearch.com/commercial/reno-nv",2026-07,modeled,"Aggregate of live listings (source type c). LandSearch Nevada statewide, tag=industrial, size min 10 acres = 53 listings; filtered by hand to the northern Nevada / Reno-Sparks-Fernley industrial corridor (Washoe, Storey, Lyon, Carson) = 4 usable: Yerington 18ac $6,806; Silver Springs 39ac $7,667; Fernley 181ac $21,853; Dayton 131ac $45,802. A fifth (Fernley 40ac at $498/acre) is excluded as an obvious data error. Low=$6,806, value and high=$45,802 (Dayton, the Lyon County side of the USA Parkway industrial corridor) = upper end of the observed range. Washoe County itself returns zero 10+ acre industrial listings; the only 10+ acre Reno commercial listings are ranch ground (80.5ac at $15,528/acre and 711ac 'Palomino Farms' at $4,190/acre) and are not comparable. IMPORTANT GAP: the Tahoe Reno Industrial Center in Storey County is where the data center demand actually sits (Tract has assembled 8,590+ acres there) but TRIC transaction prices are not disclosed - DatacenterDynamics confirms terms of the Tract 517-acre deal were not shared - so no data-center-premium figure for Reno could be sourced. Treat value as generic large-parcel industrial ground, not TRIC pricing.",filled
ie-dublin,land_cost_per_acre_usd,USD per acre,346541,339241,346541,https://lisney.com/wp-content/uploads/2025/05/DevLandUpdateQ12025.pdf https://www.irishtimes.com/business/commercial-property/dublin-15-landbank-primed-for-industrial-and-logistics-guiding-at-35m-1.4787870,2025-03,modeled,"Dublin, large employment/industrial-zoned parcels. Two comparables, both well over 10 acres. (1) Lisney GDA Development Land Q1 2025 report, printed on the page: Dublin Central Logistics Park, Finglas, 'approximately 91.4 acres... sold in three lots for a total of EUR 27.6m' = EUR 301,969/acre (transaction, Q1 2025) - this is the value. (2) Irish Times, Killamonan Business Park, Dublin 15, 47.92 ha (118.40 acres) zoned entirely general employment under the Fingal County Development Plan, guiding EUR 35m = EUR 295,608/acre (asking, Feb 2022) - this is the low. Freehold. FX: 1 EUR = 1.147605 USD (USD/EUR 0.87138), ECB reference rate via Frankfurter API, pulled 2026-07-30. EUR 301,969/acre x 1.147605 = USD 346,541/acre. Basis modeled because the per-acre rate is derived by dividing a lot-total by acreage, not printed as a per-acre figure. Caveat: these are general industrial/logistics land rates; purpose-built data-centre land at Grange Castle/Profile Park trades higher, but I could not open a live source confirming that (estatesgazette.co.uk article headlined 'Dublin industrial land hits record price of EUR 1m per acre' returned HTTP 403, property.ie and search.savills.com listing pages returned redirect loops / 403, so no third live listing was obtainable).",filled
nl-amsterdam,land_cost_per_acre_usd,USD per acre,534083,464420,534083,https://lokaleregelgeving.overheid.nl/CVDR733776/,2025,modeled,"PROXY, not Amsterdam city. Gemeente Hollands Kroon Grondprijzenbrief 2025 (in force 1 Jan 2025 - 19 Mar 2026), printed prices for municipal bedrijventerreinen: Robbenplaat II EUR 115.00/m2 and Industrieweg EUR 115.00/m2, with a general bedrijventerrein table figure of EUR 100.00/m2. Value = upper end EUR 115/m2; low = EUR 100/m2. EUR 115/m2 x 4046.86 m2/acre = EUR 465,389/acre; x 1.147605 = USD 534,083/acre. FX: 1 EUR = 1.147605 USD (USD/EUR 0.87138), ECB reference rate via Frankfurter API, pulled 2026-07-30. Freehold (uitgifte in eigendom). Why this proxy: Hollands Kroon (Middenmeer / Agriport A7) is where the Amsterdam region's hyperscale data centres are actually built; Amsterdam city itself issues land only in erfpacht (leasehold) and its Grondprijzenbeleid (opened at lokaleregelgeving.overheid.nl/CVDR672018/2 and zoek.officielebekendmakingen.nl/gmb-2022-32578.html) publishes only office/residential EUR/m2 bvo, no bedrijventerrein land price; Haarlemmermeer states in its Programmabegroting (programmabegroting.haarlemmermeer.nl/2026 and /2023, paragraaf grondbeleid) that its Grondprijzennota is 'geheim van aard' and publishes no figures. Also opened, all wrong municipality or no figure: CVDR752764 and CVDR731454 (Brunssum), CVDR735485 (Epe), CVDR735345 (Lansingerland), exb-2025-3387 (Goeree-Overflakkee, EUR 143-149/m2). Treat this row as an out-of-metro floor: serviced industrial land inside the Amsterdam ring is materially more expensive than EUR 115/m2.",filled
de-frankfurt,land_cost_per_acre_usd,USD per acre,1713709,1161049,3947567,https://www.borisportal.de/bodenrichtwert/frankfurt-am-main,2024-01,modeled,"BORIS-Portal, Bodenrichtwerte for gewerbliche Bauflaechen (commercial/industrial building land) in Frankfurt am Main, Stichtag 01.01.2024. Printed on the page: Minimalwert 250 EUR/m2, Maximalwert 850 EUR/m2 (down 10.5% from 950), Durchschnitt 369 EUR/m2. low = 250 EUR/m2 = USD 1,161,049/acre; high = 850 EUR/m2 = USD 3,947,567/acre. Value = the citywide average 369 EUR/m2 = 369 x 4046.86 = EUR 1,493,291/acre x 1.147605 = USD 1,713,709/acre, because the 850 EUR/m2 maximum is a small prime inner-city commercial plot that a parcel over 10 acres could not be assembled at - 369 is the upper end of what is plausible for a large GE/GI industrial site. FX: 1 EUR = 1.147605 USD (USD/EUR 0.87138), ECB reference rate via Frankfurter API, pulled 2026-07-30. Freehold. Caveat: 'gewerbliche Bauflaechen' mixes commercial with industrial; a pure Industrie (GI) breakout was not obtainable - frankfurt.de's Immobilienmarktbericht 2026 PDF returned HTTP 403, and aktuelle-grundstueckspreise.de publishes Bauland (residential) only for Frankfurt.",filled
uk-slough,land_cost_per_acre_usd,USD per acre,4632419,3360512,4632419,https://content.knightfrank.com/research/2504/documents/en/industrial-land-values-research-2022-9242.pdf,2022-03,sourced,"Knight Frank Industrial Land Values Research 2022. Slough is named and priced on the page: average industrial land value GBP 3.46m per acre, Q1 2022 (up GBP 1.76m / 103% since Q1 2019), and Slough is the highest of all South East local authorities listed. Value = GBP 3,460,000/acre x 1.338849 = USD 4,632,419/acre. low = GBP 2.51m/acre (Welwyn Hatfield, the lowest South East authority in the same table) = USD 3,360,512; high = Slough's own GBP 3.46m. Other SE points on the page for context: Spelthorne GBP 3.42m, Runnymede GBP 3.41m, Thurrock GBP 3.03m, South Buckinghamshire GBP 2.64m. Values are modelled by Knight Frank on a standardised 20,000 sq m warehouse, i.e. large-parcel basis. Freehold. FX: 1 GBP = 1.338849 USD (USD/GBP 0.74691), ECB reference rate via Frankfurter API, pulled 2026-07-30. On the MHCLG/DLUHC route: I found the current dataset (gov.uk/government/publications/land-value-estimates-for-policy-appraisal-2023, valuation date 1 Oct 2023) but the per-authority industrial figures live only in the .xlsx/.ods attachments, which are binary and could not be opened by any available fetch tool; the HTML 'guidelines for use' page confirms 119 industrial valuations were done but prints no local-authority table, and the 2015 PDF prints only an England mean (GBP 482,000/ha). Cross-check on order of magnitude: Colliers (colliers.com/en-gb/news/25-03-22-industrial-land-values-are-reaching-record-levels-in-london-and-south-east) puts South East industrial land at GBP 2.5m/acre and London at GBP 7.1m/acre on Jan 2022 data. Both sources are 2022 - UK industrial land has moved since, so this is a floor, not a current quote.",filled
fr-paris,land_cost_per_acre_usd,USD per acre,690964,86907,690964,https://www.arthur-loyd.com/terrain-vente/ile-de-france https://solumat.fr/prix-terrain-industriel/,2026-07,modeled,"Arthur Loyd Ile-de-France land-for-sale listings (live, current asking prices), industrial/artisanal-use terrains. Parcels of 1 ha or more on that page: 39,269 m2 at EUR 734,853 = EUR 18.71/m2 (Seine-et-Marne); 19,871 m2 at EUR 1,390,970 = EUR 70.00/m2 (Seine-et-Marne); 14,677 m2 at EUR 1,050,000 = EUR 71.54/m2 (Villiers-en-Biere); 13,443 m2 at EUR 2,000,000 = EUR 148.78/m2 (Montereau-Fault-Yonne). Value = upper end EUR 148.78/m2 x 4046.86 = EUR 602,090/acre x 1.147605 = USD 690,964/acre. low = EUR 18.71/m2 = USD 86,907/acre. Smaller inner-ring plots on the same page run higher (Lisses 5,000 m2 at EUR 300/m2, Saint-Soupplets 5,704 m2 at EUR 280/m2), which a 10-acre-plus site would not reach. Cross-check: solumat.fr (dated 3 Jun 2026) prints a France-wide industrial land average of EUR 120/m2 in 2026 with a range of EUR 15-150/m2, consistent with the Ile-de-France upper end used here. FX: 1 EUR = 1.147605 USD (USD/EUR 0.87138), ECB reference rate via Frankfurter API, pulled 2026-07-30. Freehold. Basis modeled: asking prices from listings, per-m2 rates derived by me from price divided by surface. Only one listing exceeded 10 acres (the 39,269 m2 / 9.7-acre Seine-et-Marne parcel), so the large-parcel sample is thin; bureauxlocaux.com had a single 62,000 m2 industrial parcel in Ile-de-France (Ribecourt-Dreslincourt) but priced 'nous consulter'.",filled
se-lulea,land_cost_per_acre_usd,USD per acre,126546,105455,189819,https://kuriren.nu/nyheter/lulea/artikel/lulea-fordubblar-markpriset-for-hertsofaltet/rx35ow2r https://vartlulea.se/arkiv/tillvaxt/tvanyaverksamhetstomterpastorhedensaljsavluleakommun.5.3949177d19a96a3c66c73.html,2023-01,modeled,"Lulea kommun municipal industrial land prices. Value from Hertsofaltet, the large-parcel green-industry field where a data centre would actually go: Norrbottens-Kuriren (published 12 Jan 2023) reports the municipality raising the price from SEK 140/m2 to SEK 300/m2, after an external valuer put the land at SEK 250-350/m2. Value = SEK 300/m2 x 4046.86 = SEK 1,214,058/acre x 0.104234 = USD 126,546/acre. low = SEK 250/m2 (bottom of the independent valuation) = USD 105,455/acre. high = SEK 450/m2 = USD 189,819/acre, which is the municipality's published price for the two Storheden verksamhetstomter offered Nov 2025 (Vart Lulea, 19 Nov 2025) - but those plots are only ~2,500 m2 and ~2,600 m2, so that rate is a small-plot price and would not apply to a parcel over 10 acres. FX: 1 SEK = 0.104234 USD (USD/SEK 9.5938), ECB reference rate via Frankfurter API, pulled 2026-07-30. Freehold sale by the municipality, connection fees (anslutningsavgifter) charged on top per lulea.se/samhalle--utveckling/mark-och-exploatering/mark-for-verksamheter.html, which itself publishes no price. Value figure is from 2023 and is likely low today given Storheden reached SEK 450/m2 by late 2025.",filled
no-oslo,land_cost_per_acre_usd,USD per acre,,,,,,,"NOT FOUND - no live source prints an industrial/logistics land price for the Oslo region. Searched: Oslo industritomt/naeringstomt price per square metre 2025, tomt til salgs industri logistikk. Opened and rejected: finn.no/realestate/plots/search.html?location=0.20061 (all 31 Oslo plots are residential building plots, 396-8,642 m2, no industrial land); finn.no/realestate/businesssale/search.html?location=0.20061 (52 commercial results, one undeveloped plot and it is residential development, Munkerudkleiva 1,550 m2 at NOK 35m); metra.no/til-salgs (nine naeringstomt listings but all outside the Oslo region - Gressvik, Nesodden, Saltnes, Vaaler, Slitu, Rakkestad, Skiptvet - and none shows a price); oslologistikkparkgardermoen.no and /omrade/ (the right product, 1.4 million m2 regulated and building-ready at Gardermoen, plots of 38.4-270.3 ha, but no price published - contact-only); meglertipset.no/artikler/selge-bolig/selge-tomt (dated 16 Jan 2026, prints NOK 5,000-15,000/m2 for central Oslo and NOK 200-1,000/m2 for outlying municipalities, but this is generic/residential land, not industrial, and not tied to a submarket - deriving a per-acre industrial figure from it would be a guess). finn.no/realestate/businessplot/search.html returned 404. Web search quota was exhausted before a Norwegian municipal naeringstomt price list (e.g. Ullensaker/Gardermoen) could be located. Left blank rather than guessed.",gap
sg-singapore,land_cost_per_acre_usd,USD per acre,15980178,2422584,15980178,https://www.jtc.gov.sg/-/media/project/jtc-cx/corpweb/assets/find-land/land-for-tender-and-temp-use/igls/historical-data/historical-data-on-igls-sites-sold-by-jtc_26jun2026.pdf,2025-10,modeled,"LEASEHOLD, NOT FREEHOLD - the key comparability caveat for Singapore. All industrial land here is state land sold on a fixed lease term; there is no freehold industrial land, so a per-acre figure is not like-for-like with the freehold markets in the other rows. Source: JTC 'Historical data on IGLS sites sold by JTC' (Industrial Government Land Sales), file dated 26 Jun 2026. Value = Plot B Tukang Innovation Drive, awarded 8 Oct 2025, site area 18,722.2 m2, 33-year lease, successful tender SGD 95,188,888 = SGD 5,084.28 per m2 of SITE area (the file's own price column is per m2 per plot ratio at PR 2.5, i.e. SGD 2,033.71 - I divided total price by land area to get a land rate). SGD 5,084.28/m2 x 4046.86 = SGD 20,575,414/acre x 0.776699 = USD 15,980,178/acre. low = Plot A Tuas Bay Drive, awarded 14 Nov 2025, 6,338.1 m2, 23-year lease, SGD 4,885,000 = SGD 770.74/m2 = USD 2,422,584/acre. Other western-industrial comparables from the same file: Penjuru Road 23 Jan 2026, 20,852.9 m2, 33 yr, SGD 87,400,890 = SGD 4,191.31/m2; Pioneer Road 28 Aug 2025, 28,058.4 m2, 33 yr, SGD 88,190,020 = SGD 3,143.09/m2; Gul Drive 20 Jun 2025, 4,876.3 m2, 23 yr = SGD 984.51/m2. FX: 1 SGD = 0.776699 USD (USD/SGD 1.2875), ECB reference rate via Frankfurter API, pulled 2026-07-30. PARCEL SIZE CAVEAT: Singapore does not release industrial parcels over 10 acres - the largest recent IGLS site is 28,058 m2 (6.93 acres), so no listing meets the over-10-acre filter. Separately, JTC's posted land RENT (not price) for 2H2026 effective 1 Jul 2026 runs SGD 13.41/m2/yr (Tuas View, PR up to 1.0) to SGD 90.66/m2/yr (Telok Blangah, PR up to 3.0), escalating up to 5.5%/yr - see jtc.gov.sg/-/media/project/jtc-cx/corpweb/assets/find-land/land-rates/cx-land-rents-2h2026-with-impt-notes_.pdf. Basis modeled: per-acre land rate derived by me from tender total divided by site area.",filled
jp-tokyo,land_cost_per_acre_usd,USD per acre,2128488,1440517,2128488,https://tochidai.info/chiba/inzai/ https://totinokati.com/kakaku/place/12231/kouji/,2026-01,modeled,"SUBMARKET: Inzai City, Chiba (Chiba New Town) - the outer industrial belt where Tokyo's data centres are actually built, not central Tokyo. Source: 2026 koji chika (公示地価, MLIT published land price, valuation date 1 Jan 2026), industrial-zone (工業地) survey points in Inzai-shi. Two industrial points exist and both are printed: Kashiguro-minami 1-chome 3-ban (鹿黒南1丁目3番), a warehouse/logistics site 2,900 m from Chiba Newtown Chuo station, at JPY 85,700/m2, +13.51% year on year (tochidai.info); and Matsuzakidai (松崎台) at JPY 58,000/m2, +11.6% (totinokati.com, which rounds the Kashiguro point to 8.6 man yen/m2). Value = upper point JPY 85,700/m2 x 4046.86 = JPY 346,815,902/acre x 0.006137 = USD 2,128,488/acre. low = JPY 58,000/m2 = USD 1,440,517/acre. For reference, JPY 85,700/m2 = JPY 283,305/tsubo (1 tsubo = 3.30579 m2). FX: 1 JPY = 0.006137 USD (USD/JPY 162.94), ECB reference rate via Frankfurter API, pulled 2026-07-30. Freehold. Basis modeled: koji chika is a per-m2 assessed standard value for a notional standard site, not a transacted price for an over-10-acre parcel, and the per-acre conversion is mine; also only two industrial survey points exist in the municipality, so the range is thin. The Chiba prefecture koji chika page (pref.chiba.lg.jp/youchi/toukeidata/chika/) returned HTTP 403, so the figures were read off these two Japanese land-price aggregators, which republish the MLIT data point-by-point.",filled
in-mumbai,land_cost_per_acre_usd,USD per acre,653824,511725,653824,https://www.mahaindustry.com/midc-land-rates.php,2026,modeled,"SUBMARKET: Taloja / Navi Mumbai - Panvel MIDC belt, the outer industrial area where Mumbai's data centres are built, not the island city. Source: MIDC (Maharashtra Industrial Development Corporation) land rate schedule, 'MIDC Land Rates, Updated 2026', Group Scheme A. Printed rates: Taloja INR 12,100/m2; Taloja Zone-II INR 15,460/m2; Additional Taloja INR 15,460/m2 (all industrial). Value = upper end INR 15,460/m2 x 4046.86 = INR 62,564,455/acre x 0.01045 = USD 653,824/acre. low = INR 12,100/m2 = USD 511,725/acre. Context on the same page: Patalganga INR 4,840/m2, Roha INR 1,260/m2 (far outer), Marol MMR Zone-I INR 63,180/m2 (city, not comparable). TENURE: MIDC does not sell freehold - plots are allotted on a 95-year lease and the quoted rate is the one-time lease premium, plus annual ground rent and transfer charges. FX: 1 INR = 0.01045 USD (USD/INR 95.69), ECB reference rate via Frankfurter API, pulled 2026-07-30. Basis modeled: mahaindustry.com is a third-party republication of the MIDC schedule rather than the MIDC circular itself, and the per-acre figure is my conversion. Open-market resale of MIDC plots in Taloja typically clears above the MIDC allotment rate; ilovenavimumbai.com/navi-mumbai-industrial-land-values-rents-and-yield-guide/ confirms the INR 12,100/m2 Taloja benchmark and an INR 31,390/m2 TTC-belt benchmark but prints no date, so it was not used for the value.",filled
br-sao-paulo,land_cost_per_acre_usd,USD per acre,829786,301733,829786,https://www.lopes.com.br/busca/venda/br/sp/barueri/alphaville-industrial/tipo/terreno,2026-07,modeled,"SUBMARKET: Barueri / Alphaville Industrial / Tambore, the Sao Paulo data-centre cluster on the Rodovia Castelo Branco axis, not the city centre. Source: Lopes live land-for-sale listings in Alphaville Industrial, Barueri. Largest parcels printed on the page: 291,874 m2 (29.2 ha) at BRL 111,000,000 on Rodovia Presidente Castelo Branco = BRL 380.30/m2; 47,000 m2 (4.7 ha) at BRL 25,000,000 in Aldeia da Serra = BRL 531.91/m2; 34,422 m2 (3.44 ha) at BRL 36,000,000 on Avenida Grimaldo Tolaini = BRL 1,045.84/m2. Value = upper end BRL 1,045.84/m2 x 4046.86 = BRL 4,232,196/acre x 0.196055 = USD 829,786/acre. low = BRL 380.30/m2 = USD 301,733/acre (and this is the only listing comfortably over 10 acres, so it is the most method-compliant single data point - the value sits at the top of the observed band, per instruction). FX: 1 BRL = 0.196055 USD (USD/BRL 5.1006), ECB reference rate via Frankfurter API, pulled 2026-07-30. Freehold. Basis modeled: asking prices, per-m2 rates derived by me. Excluded as not comparable: a 5,687 m2 Barueri industrial listing at BRL 11,000/m2 (paulobio.com.br/terreno-industrial-sao-paulo__13437) - that is small-lot Alphaville pricing, ~20x the large-parcel rate. Hortolandia listing portals (trovit) returned HTTP 401 and nestoria/sannini returned 401 / robots-disallowed, so the Campinas-Hortolandia leg of the SP data-centre market is not represented here; Barueri only.",filled
mx-queretaro,land_cost_per_acre_usd,USD per acre,883792,697730,883792,https://www.vivanuncios.com.mx/s-venta-terreno-industrial/queretaro,2026-07,modeled,"Vivanuncios live industrial land listings, Queretaro state. Printed listings and the per-m2 rates I derived: Felipe Carrillo Puerto 12,030 m2 at MXN 45,714,000 = MXN 3,800.00/m2; Libramiento Norponiente, Huertas La Joya 10,046 m2 at MXN 37,675,000 = MXN 3,750.25/m2; Felipe Carrillo Puerto 17,157 m2 at MXN 62,625,000 = MXN 3,650.11/m2; Granja Cedros 17,500 m2 at MXN 52,500,000 = MXN 3,000.00/m2. Value = upper end MXN 3,800/m2 x 4046.86 = MXN 15,378,068/acre x 0.057471 = USD 883,792/acre. low = MXN 3,000/m2 = USD 697,730/acre. FX: 1 MXN = 0.057471 USD (USD/MXN 17.4001), ECB reference rate via Frankfurter API, pulled 2026-07-30. Freehold. TWO REAL CAVEATS, both against the value being too high: (1) every one of these parcels is between 1 and 1.8 ha, i.e. none meets the over-10-acre filter, and small parcels carry a size premium - a 10-acre-plus tract in a Queretaro industrial park would clear well below MXN 3,800/m2; (2) the single listing on the page that does exceed 10 acres, Carretera 500 in El Marques at 1,231,266 m2 (123 ha) for MXN 73,000,000, implies MXN 59.3/m2 (~USD 13,800/acre), which is implausible for serviced industrial-park land and reads as a listing error, so I did not use it as the low. Tetakawi's Queretaro site-selection piece (insights.tetakawi.com/industrial-real-estate-in-queretaro-site-selection) quotes only lease rates (USD 4.00-4.10/m2/month) and is dated Dec 2020, so it was not used. Treat this row as an upper bound with a wide downside.",filled
ca-toronto,land_cost_per_acre_usd,USD per acre,1266737,1254069,1266737,https://mediaassets.cbre.com/-/media/project/cbre/shared-site/teams/canada/toronto-west/john-planeta/cbre-gta-industrial-market-report-q3-2025.pdf?rev=5d2da73f51294841826f45a7efb342aa https://mediaassets.cbre.com/-/media/project/cbre/shared-site/teams/canada/toronto-west/john-planeta/gta-industrial-market-report-q4-2025.pdf?rev=b0b84f301f334253af95287db0df9772,2025-09,modeled,"CBRE GTA Industrial Market Report, GTA West submarket (Mississauga / Brampton / Milton / Caledon / Halton - where GTA industrial and data-centre development actually happens). Average industrial land price printed per acre: CAD 1,779,259/acre in Q3 2025 and CAD 1,761,466/acre in Q4 2025. Value = upper end CAD 1,779,259 x 0.711946 = USD 1,266,737/acre; low = CAD 1,761,466 = USD 1,254,069/acre. FX: 1 CAD = 0.711946 USD (USD/CAD 1.4046), ECB reference rate via Frankfurter API, pulled 2026-07-30. Freehold. Basis modeled: CBRE publishes a submarket AVERAGE land price, not a parcel-level transaction, and it is not filtered to parcels over 10 acres. Development charges are a large additional per-sq-ft cost on top of land and vary sharply by municipality (Q4 2025, per the same report: Vaughan CAD 59.97/sq ft, Mississauga CAD 35.55, Brampton CAD 34.52, Milton CAD 32.26, Etobicoke CAD 1.57) - worth carrying separately in the model. Avison Young's GTA Q2 2025 report returned HTTP 403 so no second brokerage cross-check was obtainable.",filled
us-va-northern,construction_cost_per_kw,USD per kW,10920,,,https://reports.turnerandtownsend.com/data-centre-construction-cost-index-2025/data-centre-cost-trends,2025,sourced,"Turner & Townsend Data Centre Construction Cost Index 2025-2026 (9th edition), 'Data centre cost index 2025 - index scores and US$ per watt' market chart on the Data centre cost trends page. Market row 'North Virginia' = US$10.92/W. Conversion: 10.92 USD/W x 1000 = 10920 USD per kW of IT load. T&T methodology page states the benchmark basis is a typical air-cooled build-to-suit hyperscale data centre of 30-50MW IT load, same basis as the pre-filled Singapore (14.53/W) and Tokyo (15.15/W) rows.",filled
us-tx-dfw,construction_cost_per_kw,USD per kW,9540,,,https://reports.turnerandtownsend.com/data-centre-construction-cost-index-2025/data-centre-cost-trends,2025,sourced,"Turner & Townsend Data Centre Construction Cost Index 2025-2026 (9th edition), market chart on the Data centre cost trends page. Market row 'Dallas' = US$9.54/W. Conversion: 9.54 x 1000 = 9540 USD per kW of IT load. Dallas is T&T's only Texas market and is used here for the DFW metro.",filled
us-az-phoenix,construction_cost_per_kw,USD per kW,9823,,,https://reports.turnerandtownsend.com/data-centre-construction-cost-index-2025/data-centre-cost-trends,2025,sourced,"Turner & Townsend Data Centre Construction Cost Index 2025-2026 (9th edition), market chart on the Data centre cost trends page. Market row 'Phoenix' = US$9.823/W. Conversion: 9.823 x 1000 = 9823 USD per kW of IT load.",filled
us-ga-atlanta,construction_cost_per_kw,USD per kW,9905,,,https://reports.turnerandtownsend.com/data-centre-construction-cost-index-2025/data-centre-cost-trends,2025,sourced,"Turner & Townsend Data Centre Construction Cost Index 2025-2026 (9th edition), market chart on the Data centre cost trends page. Market row 'Atlanta' = US$9.9045/W. Conversion: 9.9045 x 1000 = 9904.5, rounded to 9905 USD per kW of IT load.",filled
us-oh-columbus,construction_cost_per_kw,USD per kW,9790,,,https://reports.turnerandtownsend.com/data-centre-construction-cost-index-2025/data-centre-cost-trends,2025,sourced,"Turner & Townsend Data Centre Construction Cost Index 2025-2026 (9th edition), market chart on the Data centre cost trends page. Columbus IS covered by T&T (contrary to the initial assumption in the task brief). Market row 'Columbus' = US$9.79/W. Conversion: 9.79 x 1000 = 9790 USD per kW of IT load.",filled
us-il-chicago,construction_cost_per_kw,USD per kW,11232,,,https://reports.turnerandtownsend.com/data-centre-construction-cost-index-2025/data-centre-cost-trends,2025,sourced,"Turner & Townsend Data Centre Construction Cost Index 2025-2026 (9th edition), market chart on the Data centre cost trends page. Market row 'Chicago' = US$11.232/W. Conversion: 11.232 x 1000 = 11232 USD per kW of IT load.",filled
us-ut-salt-lake-city,construction_cost_per_kw,USD per kW,9823,9790,10868,https://reports.turnerandtownsend.com/data-centre-construction-cost-index-2025/data-centre-cost-trends,2025,modeled,"Salt Lake City is NOT a market in the Turner & Townsend Data Centre Construction Cost Index 2025-2026 (9th edition; 52 markets covered). Derivation, option (a) nearest covered market in the same US construction-cost region: adopted T&T's 'Phoenix' row = US$9.823/W x 1000 = 9823 USD per kW, unadjusted, as the closest Mountain West / interior-Southwest analogue (comparable open-shop labour market, similar land and logistics profile; T&T covers no Denver or SLC market). low/high are NOT a source disagreement - they are the bracketing covered T&T markets: low = Columbus US$9.79/W (9790, lowest-cost interior US market in the index) and high = Portland US$10.8675/W (10868, nearest covered Western market). No RSMeans/Turner/RLB city cost index value was applied because no free published 2025 CCI level for Salt Lake City could be opened (rsmeans.com/rsmeans-city-cost-index explains the CCI but publishes no values; the Q2-2025 change notice gives percentage changes only).",filled
us-tx-san-antonio,construction_cost_per_kw,USD per kW,9540,9500,9540,https://reports.turnerandtownsend.com/data-centre-construction-cost-index-2025/data-centre-cost-trends,2025,modeled,"San Antonio is NOT a market in the Turner & Townsend Data Centre Construction Cost Index 2025-2026 (9th edition). Derivation, option (a) nearest covered market in the same construction-cost region: adopted T&T's 'Dallas' row = US$9.54/W x 1000 = 9540 USD per kW, unadjusted - same state, same labour and materials market, and Dallas is the only Texas market in the index. low/high are the bracketing covered T&T markets, not a source disagreement: low = Charlotte US$9.50/W (9500, the cheapest US market in the index) and high = Dallas US$9.54/W (9540); San Antonio conventionally prices at or slightly below DFW. No published city cost index adjustment applied - no free 2025 RSMeans CCI level for San Antonio was obtainable.",filled
us-or-portland,construction_cost_per_kw,USD per kW,10868,,,https://reports.turnerandtownsend.com/data-centre-construction-cost-index-2025/data-centre-cost-trends,2025,sourced,"Turner & Townsend Data Centre Construction Cost Index 2025-2026 (9th edition), market chart on the Data centre cost trends page. Market row 'Portland' = US$10.8675/W. Conversion: 10.8675 x 1000 = 10867.5, rounded to 10868 USD per kW of IT load.",filled
us-ne-omaha,construction_cost_per_kw,USD per kW,9790,9540,9790,https://reports.turnerandtownsend.com/data-centre-construction-cost-index-2025/data-centre-cost-trends,2025,modeled,"Omaha is NOT a market in the Turner & Townsend Data Centre Construction Cost Index 2025-2026 (9th edition). Derivation, option (a) nearest covered market in the same construction-cost region: adopted T&T's 'Columbus' row = US$9.79/W x 1000 = 9790 USD per kW, unadjusted, as the closest interior-Midwest tier-2 hyperscale market. Chicago (US$11.232/W) was deliberately NOT used as the Midwest anchor because it is a high-cost union market unrepresentative of Omaha. low/high are bracketing covered T&T markets, not a source disagreement: low = Dallas US$9.54/W (9540), high = Columbus US$9.79/W (9790). No published city cost index adjustment applied - no free 2025 RSMeans CCI level for Omaha was obtainable.",filled
us-ia-des-moines,construction_cost_per_kw,USD per kW,9790,9540,9790,https://reports.turnerandtownsend.com/data-centre-construction-cost-index-2025/data-centre-cost-trends,2025,modeled,"Des Moines is NOT a market in the Turner & Townsend Data Centre Construction Cost Index 2025-2026 (9th edition). Derivation, option (a) nearest covered market in the same construction-cost region: adopted T&T's 'Columbus' row = US$9.79/W x 1000 = 9790 USD per kW, unadjusted, as the closest interior-Midwest tier-2 hyperscale market (Chicago at US$11.232/W rejected as an unrepresentative high-cost union market). low/high are bracketing covered T&T markets, not a source disagreement: low = Dallas US$9.54/W (9540), high = Columbus US$9.79/W (9790). No published city cost index adjustment applied - no free 2025 RSMeans CCI level for Des Moines was obtainable.",filled
us-nv-reno,construction_cost_per_kw,USD per kW,10868,9823,13312,https://reports.turnerandtownsend.com/data-centre-construction-cost-index-2025/data-centre-cost-trends,2025,modeled,"Reno is NOT a market in the Turner & Townsend Data Centre Construction Cost Index 2025-2026 (9th edition). Derivation, option (a) nearest covered market in the same construction-cost region: adopted T&T's 'Portland' row = US$10.8675/W x 1000 = 10868 USD per kW, unadjusted, as the nearest covered Western US market outside the Bay Area. Reno's trades pool draws partly on Northern California, so it sits above Phoenix and well below Silicon Valley - low/high are those bracketing covered T&T markets, not a source disagreement: low = Phoenix US$9.823/W (9823), high = Silicon Valley US$13.312/W (13312). No published city cost index adjustment applied - no free 2025 RSMeans CCI level for Reno was obtainable.",filled
ie-dublin,construction_cost_per_kw,USD per kW,10045,,,https://reports.turnerandtownsend.com/data-centre-construction-cost-index-2025/data-centre-cost-trends,2025,sourced,"Turner & Townsend Data Centre Construction Cost Index 2025-2026 (9th edition), market chart on the Data centre cost trends page. Market row 'Dublin' = US$10.0451/W. Conversion: 10.0451 x 1000 = 10045 USD per kW of IT load.",filled
nl-amsterdam,construction_cost_per_kw,USD per kW,10809,,,https://reports.turnerandtownsend.com/data-centre-construction-cost-index-2025/data-centre-cost-trends,2025,sourced,"Turner & Townsend Data Centre Construction Cost Index 2025-2026 (9th edition), market chart on the Data centre cost trends page. Market row 'Amsterdam' = US$10.8093/W. Conversion: 10.8093 x 1000 = 10809 USD per kW of IT load. (T&T lists Amsterdam and Paris at the identical value this edition.)",filled
de-frankfurt,construction_cost_per_kw,USD per kW,11597,,,https://reports.turnerandtownsend.com/data-centre-construction-cost-index-2025/data-centre-cost-trends,2025,sourced,"Turner & Townsend Data Centre Construction Cost Index 2025-2026 (9th edition), market chart on the Data centre cost trends page. Market row 'Frankfurt' = US$11.5975/W. Conversion: 11.5975 x 1000 = 11597 USD per kW of IT load.",filled
uk-slough,construction_cost_per_kw,USD per kW,12015,,,https://reports.turnerandtownsend.com/data-centre-construction-cost-index-2025/data-centre-cost-trends,2025,sourced,"Turner & Townsend Data Centre Construction Cost Index 2025-2026 (9th edition), market chart on the Data centre cost trends page. T&T labels this market 'London' = US$12.0150/W; Slough / the Slough Trading Estate is the core cluster of the London data centre market and is what the London market row covers, so the figure is taken across unadjusted (no arithmetic applied - label difference only, not a derivation). Conversion: 12.0150 x 1000 = 12015 USD per kW of IT load. T&T also lists Cardiff separately at US$11.7368/W, confirming London is the South East / Slough market.",filled
fr-paris,construction_cost_per_kw,USD per kW,10809,,,https://reports.turnerandtownsend.com/data-centre-construction-cost-index-2025/data-centre-cost-trends,2025,sourced,"Turner & Townsend Data Centre Construction Cost Index 2025-2026 (9th edition), market chart on the Data centre cost trends page. Market row 'Paris' = US$10.8093/W. Conversion: 10.8093 x 1000 = 10809 USD per kW of IT load.",filled
se-lulea,construction_cost_per_kw,USD per kW,12295,12289,12295,https://reports.turnerandtownsend.com/data-centre-construction-cost-index-2025/data-centre-cost-trends,2025,modeled,"Lulea is NOT a market in the Turner & Townsend Data Centre Construction Cost Index 2025-2026 (9th edition). Derivation, option (a) nearest covered market in the same construction-cost region: adopted T&T's 'Stockholm' row = US$12.2947/W x 1000 = 12295 USD per kW, unadjusted - same national labour, materials and regulatory market. low/high are the two bracketing covered Nordic markets, not a source disagreement: low = Helsinki US$12.2892/W (12289), high = Stockholm US$12.2947/W (12295); T&T also has Oslo at US$12.4143/W and Copenhagen at US$12.0239/W, so the whole Nordic band is 12024-12414 USD per kW. Caveat not quantified by any source: Lulea's remote northern location raises logistics and site-services cost but lowers land cost relative to Stockholm; no published Swedish sub-national construction cost index was found to size that offset.",filled
no-oslo,construction_cost_per_kw,USD per kW,12414,,,https://reports.turnerandtownsend.com/data-centre-construction-cost-index-2025/data-centre-cost-trends,2025,sourced,"Turner & Townsend Data Centre Construction Cost Index 2025-2026 (9th edition), market chart on the Data centre cost trends page. Market row 'Oslo' = US$12.4143/W. Conversion: 12.4143 x 1000 = 12414 USD per kW of IT load.",filled
sg-singapore,construction_cost_per_kw,USD per kW,14500,,,https://reports.turnerandtownsend.com/data-centre-construction-cost-index-2025/,2025,sourced,"Turner and Townsend Data Centre Construction Cost Index 2025, 52 markets, quoted in US dollars per watt. Multiply by 1000 to get dollars per kW. If your market is not in the table, use the nearest listed one and say which in Notes.",filled
jp-tokyo,construction_cost_per_kw,USD per kW,15200,,,https://reports.turnerandtownsend.com/data-centre-construction-cost-index-2025/,2025,sourced,"Turner and Townsend Data Centre Construction Cost Index 2025, 52 markets, quoted in US dollars per watt. Multiply by 1000 to get dollars per kW. If your market is not in the table, use the nearest listed one and say which in Notes.",filled
in-mumbai,construction_cost_per_kw,USD per kW,6640,,,https://reports.turnerandtownsend.com/data-centre-construction-cost-index-2025/data-centre-cost-trends,2025,sourced,"Turner & Townsend Data Centre Construction Cost Index 2025-2026 (9th edition), market chart on the Data centre cost trends page. Market row 'Mumbai' = US$6.6403/W - the second cheapest market in the index after Shanghai (US$6.1186/W). Conversion: 6.6403 x 1000 = 6640 USD per kW of IT load. Independently corroborated at US$6.64/W by Data Storage Asia's writeup of the same index (https://datastorageasia.com/turner-townsend-report-singapore-no-2-globally-in-data-centre-construction-cost/). Note this sits below the 8,000-16,000 band the brief cites for Singapore/Tokyo - that is a genuine T&T result, not an error.",filled
br-sao-paulo,construction_cost_per_kw,USD per kW,10747,,,https://reports.turnerandtownsend.com/data-centre-construction-cost-index-2025/data-centre-cost-trends,2025,sourced,"Turner & Townsend Data Centre Construction Cost Index 2025-2026 (9th edition), market chart on the Data centre cost trends page. Market row 'Sao Paulo' = US$10.7472/W. Conversion: 10.7472 x 1000 = 10747 USD per kW of IT load.",filled
mx-queretaro,construction_cost_per_kw,USD per kW,10399,,,https://reports.turnerandtownsend.com/data-centre-construction-cost-index-2025/data-centre-cost-trends,2025,sourced,"Turner & Townsend Data Centre Construction Cost Index 2025-2026 (9th edition), market chart on the Data centre cost trends page. Queretaro IS covered by T&T (contrary to the initial assumption in the task brief) - market row 'Queretaro' = US$10.3991/W. Conversion: 10.3991 x 1000 = 10399 USD per kW of IT load. No modelling required.",filled
ca-toronto,construction_cost_per_kw,USD per kW,9388,,,https://reports.turnerandtownsend.com/data-centre-construction-cost-index-2025/data-centre-cost-trends,2025,sourced,"Turner & Townsend Data Centre Construction Cost Index 2025-2026 (9th edition), market chart on the Data centre cost trends page. Market row 'Toronto' = US$9.3877/W. Conversion: 9.3877 x 1000 = 9388 USD per kW of IT load.",filled
us-va-northern,tax_rate,"decimal, e.g. 0.021",0.0081,,,https://www.loudoun.gov/1911/Taxes-in-Loudoun-County,2025,modeled,"Loudoun County VA real property tax. Option (b) - computed from the county's own published levy rather than the Lincoln/MCFE 50-State study, because that study's Virginia city is Virginia Beach/Norfolk, not Loudoun. Page states: '2025 Real Property Tax Rate for Regular District 1: $0.805 per $100 in assessed value' and 'Real estate in Virginia is assessed at 100% of its fair market value.' Arithmetic: 0.805/100 x 1.00 assessment ratio = 0.00805, rounded 0.0081. Real property only. Data-center IT equipment is taxed SEPARATELY as business tangible personal property, not at this rate - Loudoun's published rate table (https://www.loudoun.gov/1922/Property-Tax-Rates) shows Personal Property General Class $4.15/$100 and Machinery and Tools $2.75/$100 applied to depreciated cost; I could not find a distinct line item labelled 'computer equipment' on that page, so no computer-equipment rate is asserted here. Parcels in special districts add Route 28 Highway Improvement $0.105/$100 and Dulles Rail Service Districts $0.20/$100.",filled
us-tx-dfw,tax_rate,"decimal, e.g. 0.021",0.0223,,,https://www.dallasecodev.org/614/Tax-Rate,2025,modeled,"Dallas / Dallas County TX. Sum of all overlapping jurisdictions for a typical industrial parcel inside the City of Dallas and Dallas County, per the City of Dallas Office of Economic Development tax rate page (tax year 2025), rates per $100 of valuation: City of Dallas 0.698800 + Dallas County 0.215500 + Dallas ISD 0.993835 + Dallas College 0.106575 + Parkland Hospital District 0.212000 = 2.226885 total (the page states 'the total combined local tax rate is $2.226885 per $100 in valuation'). Texas appraises at 100% of market value, so effective rate = 2.226885/100 = 0.0222689, rounded 0.0223. Parcels in other ISDs within Dallas County will differ.",filled
us-az-phoenix,tax_rate,"decimal, e.g. 0.021",0.022,,,https://www.maricopa.gov/DocumentCenter/View/109284/Tax-Levy-2025-PDF,2025,modeled,"Phoenix / Maricopa County AZ. Derived from the county's adopted Tax Levy and Rates document for tax year 2025 (FY2026), rates per $100 of NET ASSESSED value. Tax area used: City of Phoenix + Phoenix Elementary School District #1 + Phoenix Union High School District #210. County group: countywide primary 1.1591 + library 0.0462 + flood control 0.1428 + fire district assistance 0.0076 = 1.3557. Maricopa Community College: primary 1.0600 + bond 0.0228 = 1.0828. City of Phoenix: primary 1.2658 + bond debt 0.8141 = 2.0799. Phoenix Elem #1: 1.7603 + 0.5687 override + 0.3234 capital override + 1.1376 bond + 1.1966 desegregation = 4.9866. Phoenix Union HS #210: 1.7212 + 0.4429 + 0.2170 + 1.0963 + 0.7914 = 4.2688. TOTAL = 13.7738 per $100 NAV. Arizona Class 1 (commercial/industrial) assessment ratio for 2025 is 16% of full cash value per A.R.S. 42-15001 ('Sixteen percent beginning from and after December 31, 2024 through December 31, 2025') - https://www.azleg.gov/ars/42/15001.htm. Effective rate = 0.137738 x 0.16 = 0.02204, rounded 0.0220. Note the ratio steps down to 15.5% in 2026 and 15% from 2027. Phoenix Elementary #1 is a comparatively high-rate district; industrial parcels in other Phoenix elementary districts will produce a lower total.",filled
us-ga-atlanta,tax_rate,"decimal, e.g. 0.021",0.0164,,,https://www.fultoncountytaxes.org/media/Millage_Rates_Through_2025.pdf,2025,modeled,"Atlanta / Fulton County GA. Fulton County Tax Commissioner's published millage rate history table, 2025 row: City of Atlanta millage 31.870 mills (this column includes the Atlanta Public Schools levy) + Fulton County millage in City of Atlanta 9.039 mills = TOTAL 40.909 mills. Georgia assesses real property at 40% of fair market value. Arithmetic: 40.909/1000 x 0.40 = 0.0163636, rounded 0.0164. CAVEAT ON TRACEABILITY: the 40% assessment ratio is the standard Georgia statutory ratio (O.C.G.A. 48-5-7) but is NOT printed on the millage-rate PDF cited here; I was unable to open a separate page stating it before exhausting the web-search budget. The millage total itself is read directly off the cited document.",filled
us-oh-columbus,tax_rate,"decimal, e.g. 0.021",0.0262,,,https://treasurer.franklincountyohio.gov/files/assets/treasurer/v/2/documents/2025-property-tax-rates-for-2026.pdf,2025,modeled,"Columbus / Franklin County OH. Franklin County Treasurer '2025 property tax rates for 2026' rate sheet, taxing district 010 City of Columbus (Columbus City School District). Row: state 0.32 + special 4.30 + county 20.37 + township 0.00 + school 87.76 + village 3.14 = TOTAL (gross) RATE 115.89 mills; CLASS 2 (all other, i.e. commercial/industrial) REDUCTION FACTOR 0.352996; CLASS 2 EFFECTIVE RATE 74.981315 mills per $1,000 of assessed value (check: 115.89 x (1 - 0.352996) = 74.98). Ohio assesses real property at 35% of true (market) value. Arithmetic: 74.981315/1000 x 0.35 = 0.0262435, rounded 0.0262. No non-business credit or owner-occupancy credit applied - those do not benefit commercial/industrial property. CAVEAT: the 35% assessment ratio is the Ohio statutory ratio and is not itself printed on the cited rate sheet.",filled
us-il-chicago,tax_rate,"decimal, e.g. 0.021",0.0243,,,https://www.civicfed.org/node/4141,2022,sourced,"Chicago / Cook County IL. This is the Lincoln Institute / MCFE 50-State Property Tax Comparison Study INDUSTRIAL effective tax rate series for Chicago, as reported and quoted by the Civic Federation: Chicago industrial effective rate 2.43% for a $1 million industrial property, versus a 53-city average of 1.35%; commercial for comparison is 4.01%. Taxes paid in 2022. Used the study figure rather than a derived Cook County calculation because Cook's statutory class 5B 25% assessment level combined with the state equalization factor overstates the realised burden relative to true market value. The Lincoln study PDF itself (https://go.lincolninst.edu/50-state-prop-tax-comparison-for-2025.pdf) could not be opened - the go.lincolninst.edu redirect returns no content to the fetcher, and the industrial appendix (Tables 4a/4b) of the mirrored full study sits beyond the fetch truncation window - so this live secondary page that prints the study's number is cited instead.",filled
us-ut-salt-lake-city,tax_rate,"decimal, e.g. 0.021",0.0096,,,https://www.saltlakecounty.gov/globalassets/1-site-files/property-tax/home/entitytaxrates.pdf,2025,modeled,"Salt Lake City / Salt Lake County UT. Salt Lake County Auditor '2025 PROPERTY TAX RATES - TAXING ENTITY (DISTRICT) CERTIFIED PROPERTY TAX RATE'. Sum of the certified rates applying to a Salt Lake City parcel (rates are already expressed as a decimal of taxable value): Salt Lake City 0.003169 + Salt Lake City School District 0.002333 + SL County General Fund 0.000937 + State Basic School Levy (SLC) 0.001379 + SLC Mosquito Abatement 0.000137 + County Library 0.000425 + County Bond Interest & Sinking 0.000119 + County Capital Improvement 0.000047 + Clark Planetarium 0.000017 + County Flood Control 0.000036 + County Health 0.000087 + County Government Immunity 0.000010 + County Assessing & Collecting 0.000136 + Multi-County Assessing & Collecting 0.000014 + Central Utah Water Conservancy 0.000380 + Metropolitan Water District of SL & Sandy 0.000327 = 0.009553, rounded 0.0096. Utah taxes commercial/industrial real property on 100% of fair market value (the 45% residential exemption does not apply), so no assessment-ratio adjustment is needed.",filled
us-tx-san-antonio,tax_rate,"decimal, e.g. 0.021",0.0244,,,https://www.bexar.org/4032/2025-Official-Tax-Rates-Exemptions,2025,modeled,"San Antonio / Bexar County TX. Bexar County Tax Assessor-Collector '2025 Official Tax Rates & Exemptions', rates per $100 valuation, summed across all overlapping jurisdictions for a typical industrial parcel in the City of San Antonio / San Antonio ISD: Bexar County 0.276331 + City of San Antonio 0.541590 + San Antonio ISD 1.155200 + Alamo Community College District 0.149150 + Bexar County Hospital District (University Health) 0.276235 + San Antonio River Authority 0.018300 + County Road and Flood Control Fund 0.023668 = 2.440474 per $100. Texas appraises at 100% of market value, so effective rate = 2.440474/100 = 0.0244047, rounded 0.0244. Parcels in other ISDs (Northside, North East, Judson) within Bexar County will differ.",filled
us-or-portland,tax_rate,"decimal, e.g. 0.021",0.0117,,,https://www.oregon.gov/dor/programs/gov-research/Documents/FY%202024-25%20Oregon%20Property%20Tax%20Statistics%20Report%20150-303-405-Secured.pdf,2024,modeled,"Portland / Multnomah County OR. Oregon Department of Revenue, Oregon Property Tax Statistics FY 2024-25, Exhibit 6b 'Average Effective Tax Rates': Multnomah County M5 tax rate = $11.71 per $1,000 of Measure 5 value (real market value), i.e. 0.01171 of RMV, rounded 0.0117. The corresponding AV tax rate is $23.56 per $1,000 of assessed value; Exhibit 6a gives Multnomah total AV $102,625,272k against Measure 5 value $206,503,128k, an AV/RMV ratio of 0.497 - Oregon's Measure 50 assessed value is a frozen, growth-capped figure well below market, which is why the rate must be restated onto real market value to be comparable. MODELED because this is a county-wide average across ALL property classes, not an industrial-specific rate; Multnomah County is effectively coterminous with Portland. Measure 5 caps total non-education levies at $10 per $1,000 RMV and education at $5 per $1,000 RMV.",filled
us-ne-omaha,tax_rate,"decimal, e.g. 0.021",0.0203,,,https://revenue.nebraska.gov/sites/default/files/doc/pad/research/valuation/2025/PDF's/28Douglas_Tax%20Districts.pdf,2025,modeled,"Omaha / Douglas County NE. Nebraska Department of Revenue, Property Assessment Division, 'Consolidated Tax Districts and Rates' county report for Douglas County (28), tax year 2025. District 0100 (OM 1 H - City of Omaha / Omaha Public Schools, the principal Omaha consolidated district) total consolidated tax rate = 2.03386 per $100 of valuation. Nebraska assesses commercial and industrial real property at 100% of actual (market) value, so effective rate = 2.03386/100 = 0.0203386, rounded 0.0203. Other Omaha consolidated districts (different school districts, SIDs, fire districts) will differ. CAVEAT: the 100% assessment level is the Nebraska statutory standard for non-agricultural property and is not printed on the cited rate report.",filled
us-ia-des-moines,tax_rate,"decimal, e.g. 0.021",0.0414,,,https://www.legis.iowa.gov/docs/publications/FCTA/1377082.pdf,2024,modeled,"Des Moines / Polk County IA. Iowa Legislative Services Agency, 'City Consolidated Property Tax Rates' (Fiscal Conditions of the Taxing Authorities), FY2024: Polk County section, DES MOINES consolidated rate $45.97 per $1,000 of TAXABLE value. Iowa taxable value = assessed (market) value x the assessment limitation ('rollback'). Iowa Department of Revenue guidance on HF 2552 two-tier assessment limitations (https://revenue.iowa.gov/taxes/tax-guidance/property-tax/hf-2552-bptc-law-changes-and-implementation-two-tier-assessment-limitations) states commercial/industrial/railroad property receives the residential assessment limitation on the first $150,000 of value and 'the same ninety percent assessment limitation it has in the past' on value above $150,000, effective assessment year 2022. For a data-centre-scale parcel the first-$150,000 tier is immaterial, so the rollback is taken as 90%. Arithmetic: 45.97/1000 x 0.90 = 0.041373, rounded 0.0414. Iowa commercial/industrial effective rates are among the highest in the US, consistent with this magnitude.",filled
us-nv-reno,tax_rate,"decimal, e.g. 0.021",0.0128,,,https://www.washoecounty.gov/treas/files/2025-26%20Tax%20Rates%20Explained.pdf,2025,modeled,"Reno / Washoe County NV. Washoe County Treasurer 'Tax Rates for 2025/26', City of Reno district: county/school/state component 2.7002 + City of Reno general 0.9598 (debt 0.0000, redevelopment 0.0000) = TOTAL 3.6600 per $100 of ASSESSED value - this is Nevada's constitutional $3.64/$100 cap territory. Nevada assessed value is 35% of appraised/taxable value: Washoe County Assessor states 'Your taxes will be based on your total assessed value, which is 35% of your total appraised value' (https://www.washoecounty.gov/assessor/faq/PS_WhatIsTaxableValueOfProperty.php). Arithmetic: 3.66/100 x 0.35 = 0.01281, rounded 0.0128. Note Nevada's taxable value for improvements is replacement cost less 1.5%/yr depreciation (max 50 yrs) plus land market value, which for older buildings sits below market - so this is an upper bound on the rate as a fraction of true market value. Nevada's abatement caps (8% commercial) can further reduce the realised bill.",filled
ie-dublin,tax_rate,"decimal, e.g. 0.021",0.0155,0.0127,0.0183,https://www.dublincity.ie/business/doing-business-council/collection-property-rates,2025,modeled,"Dublin IE. THE TAX MEASURED IS COMMERCIAL RATES (local authority rates), not a value-based property tax. Dublin City Council page: 'Commercial rates are calculated by multiplying the Rateable Valuation of your property by a multiplier called the Annual Rate on Valuation (ARV)'; ARV for 2025 = 0.282, with worked example Rateable Valuation EUR 10,000 x 0.282 = EUR 2,820. Rateable Valuation in Ireland is the Net Annual Value, i.e. an estimate of annual open-market RENT, not capital value. Converting to an effective rate on CAPITAL value requires a yield assumption. ASSUMPTION: 5.5% net initial yield (capitalisation rate) for Dublin industrial/data-centre property, so capital value = annual rent / 0.055. Arithmetic: 0.282 x 0.055 = 0.01551, rounded 0.0155. Low/high bracket the yield at 4.5% (0.282 x 0.045 = 0.0127) and 6.5% (0.282 x 0.065 = 0.0183). A data centre in Fingal or South Dublin County Council territory would use that authority's ARV instead, which differs from Dublin City's.",filled
nl-amsterdam,tax_rate,"decimal, e.g. 0.021",,,,,,,"NOT FOUND. Target: OZB niet-woningen (eigenarenbelasting + gebruikersbelasting) as a percentage of WOZ-waarde for Gemeente Amsterdam. Searched/attempted: (1) https://www.amsterdam.nl/belastingen-heffingen/onroerendezaakbelasting/ - refused, disallowed by amsterdam.nl robots.txt; (2) https://www.amsterdam.nl/belastingen-heffingen/ and https://www.amsterdam.nl/belastingen-heffingen/tarieven-belastingen/ - same robots refusal; (3) https://belastingen.amsterdam.nl/ - DNS does not resolve; (4) COELO Atlas van de lokale lasten: https://www.coelo.nl/ then https://coelo.nl/atlas-lokale-lasten-2026/bijlagen-2026-en-databestanden/ then https://www.coelo.nl/online-atlas/bijlagen2026.php - all reached, but none prints per-municipality OZB niet-woningen rates in HTML; the data sits only in the spreadsheet https://www.coelo.nl/images/Gemeentelijke_belastingen_2026.xlsx, which the fetcher returns as unreadable binary; (5) CBS StatLine OData catalogue query https://opendata.cbs.nl/ODataCatalog/Tables?$filter=substringof('OZB',Title)&$format=json - returned an empty result set. Web-search budget for the session was exhausted before an alternative official Gemeenteblad / Verordening onroerendezaakbelastingen URL could be located, and no search engine was reachable (duckduckgo, mojeek, searx instances all blocked by robots). No value written rather than guess.",gap
de-frankfurt,tax_rate,"decimal, e.g. 0.021",,,,,,,"NOT FOUND. Target: Frankfurt am Main Grundsteuer B = Grundsteuerwert x Steuermesszahl x Hebesatz, on the post-2025-reform basis, with the Hebesatz published by the Stadt Frankfurt. Searched/attempted: (1) https://www.frankfurt.de/service-und-rathaus/verwaltung/aemter-und-institutionen/kassen-und-steueramt/steuern/grundsteuer and (2) https://www.frankfurt.de/themen/rathaus-und-service/steuern-und-abgaben/grundsteuer and (3) https://frankfurt.de/service-und-rathaus/verwaltung/aemter-und-institutionen/kassen-und-steueramt/steuern - frankfurt.de returns HTTP 403 to the fetcher on every path tried, including via the r.jina.ai text proxy; (4) https://www.frankfurt-main.ihk.de/service/recht_und_steuern/steuerrecht/hebesaetze - 404, and the IHK homepage exposes no Hebesatz page; (5) https://frankfurt-business.net/ and https://www.frankfurt-business.net/ - robots.txt unreachable; (6) https://finanzen.hessen.de/steuern/grundsteuer, https://finanzen.hessen.de/grundsteuer, https://www.hessen.de/handeln/finanzen/grundsteuer, https://grundsteuer.hessen.de/ - all 404 or DNS failure; (7) https://statistik.hessen.de/ and https://statistik.hessen.de/publikationen - reached, but no Realsteuervergleich / Hebesatz table exposed. ADDITIONAL SUBSTANTIVE CAVEAT for whoever completes this row: Hessen does NOT use the federal Bundesmodell. It uses the Flaechen-Faktor-Verfahren, in which the Grundsteuermessbetrag is derived from LAND AND BUILDING AREA (flat euro amounts per square metre) adjusted by a location Faktor, not from a market value. A Frankfurt effective rate expressed as a fraction of market value is therefore necessarily a model output requiring an assumed land area, building area and capital value, and cannot be read off any published rate.",gap
uk-slough,tax_rate,"decimal, e.g. 0.021",0.0264,0.0216,0.0312,https://www.gov.uk/calculate-your-business-rates,2026,modeled,"Slough UK. THE TAX MEASURED IS NON-DOMESTIC RATES (business rates), not a value-based property tax. Bill = rateable value x multiplier. GOV.UK gives the England multipliers for the 2026 to 2027 rating year: standard multiplier 48 pence in the pound (rateable value GBP 51,000 and above), small business multiplier 43.2 pence. A data centre exceeds GBP 51,000 RV, so the standard 0.48 multiplier applies. Slough Borough Council is a unitary billing authority applying the national multiplier. Rateable value is an estimate of ANNUAL RENTAL value - GOV.UK: 'its open market rental value on 1 April 2024, based on an estimate by the Valuation Office' (the 2026 rating list). Converting to an effective rate on CAPITAL value therefore requires a yield assumption. ASSUMPTION: 5.5% net initial yield for Thames Valley / Slough Trading Estate industrial and data-centre property, i.e. capital value = annual rent / 0.055. Arithmetic: 0.48 x 0.055 = 0.0264. Low/high bracket the yield at 4.5% (0.48 x 0.045 = 0.0216) and 6.5% (0.48 x 0.065 = 0.0312). Transitional relief and any empty-property or improvement relief are ignored. Same yield assumption used for row 39 (Dublin) so the two annual-value regimes are treated consistently.",filled
fr-paris,tax_rate,"decimal, e.g. 0.021",,,,,,,"NOT FOUND. Target: Paris taxe fonciere sur les proprietes baties (taux communal, applied to 50% of the valeur locative cadastrale) plus CFE taux. Searched/attempted: (1) paris.fr - https://www.paris.fr/pages/les-taux-des-impots-locaux-a-paris-2025, https://www.paris.fr/pages/impots-et-taxes-2477, https://www.paris.fr/pages/impots-et-taxes-locales, https://www.paris.fr/pages/les-impots-locaux-2025 all returned 404, and the paris.fr homepage exposes no fiscal page in its rendered navigation; (2) https://opendata.paris.fr/api/explore/v2.1/catalog/datasets - disallowed by robots.txt; https://opendata.paris.fr/explore/?q=taux+imposition and https://opendata.paris.fr/pages/catalogue/ reached but render no dataset list to the fetcher; (3) https://www.data.gouv.fr/api/1/datasets/?q=taux+taxe+fonciere+communes - zero results; a second query returned only 'Deliberations de fiscalite directe locale des communes (HORS TAUX)' datasets, which by their own title exclude rates; (4) https://data.economie.gouv.fr (host of the DGFiP REI export endpoints) - disallowed by robots.txt; (5) https://www.collectivites-locales.gouv.fr/rei - 404. Web-search budget exhausted and no search engine reachable. Note for completion: the derivation also needs the ratio of valeur locative cadastrale to market rent/capital value, which is a separate modelling step - Paris VLCs are based on 1970 notional rents and sit far below market, so the effective rate on capital value will be materially lower than the headline taux.",gap
se-lulea,tax_rate,"decimal, e.g. 0.021",0.005,,,https://www.skatteverket.se/,2026,sourced,"0.5 percent national, zero municipal.",filled
no-oslo,tax_rate,"decimal, e.g. 0.021",0.0037,,,https://www.oslo.kommune.no/,2026,sourced,0.37 percent.,filled
sg-singapore,tax_rate,"decimal, e.g. 0.021",0.1,,,https://www.iras.gov.sg/,2026,sourced,"10 percent of annual value, flat.",filled
jp-tokyo,tax_rate,"decimal, e.g. 0.021",0.017,,,https://www.tax.metro.tokyo.lg.jp/,2026,sourced,"1.4 percent plus 0.3 percent city planning tax. The 1.4 percent also applies to depreciable business assets, so it hits the IT gear, not just the shell.",filled
in-mumbai,tax_rate,"decimal, e.g. 0.021",,,,,,,"NOT FOUND. Target: MCGM / BMC Mumbai property tax rate on the Capital Value System for non-residential (commercial/industrial) property. Searched/attempted: (1) https://portal.mcgm.gov.in/irj/portal/anonymous/qlpropertytax and https://portal.mcgm.gov.in/irj/portal/anonymous/qlassessmentcollection - reached, but both only link onward to the citizen payment portal and publish no rate schedule; (2) https://www.mcgm.gov.in/ - reached; property tax entries link only to https://ptaxportal.mcgm.gov.in/CitizenPortal/; (3) https://ptaxportal.mcgm.gov.in/CitizenPortal/ - a JavaScript single-page application that renders no rate content to the fetcher and requires a property account to compute a bill. No published Capital Value Rules / rate-schedule document URL could be confirmed live. Web-search budget exhausted and no search engine reachable, so no alternative route to the Maharashtra gazette notification of the Capital Value Rules was available. No value written rather than guess.",gap
br-sao-paulo,tax_rate,"decimal, e.g. 0.021",0.019,0.011,0.019,https://legislacao.prefeitura.sp.gov.br/leis/lei-6989-de-29-de-dezembro-de-1966,2013,modeled,"Sao Paulo BR. THE TAX MEASURED IS IPTU (Imposto Predial e Territorial Urbano), levied on the valor venal (assessed market value) of the property. Base aliquota for built NON-RESIDENTIAL property, Lei Municipal 6.989/1966 art. 8 as amended by Lei 13.250/2001: 'O imposto calcula-se a razao de 1,5% sobre o valor venal do imovel, para imoveis construidos com utilizacao diversa da referida no artigo 7' (residential is 1.0% under art. 7). That base rate is then adjusted by the value-band desconto/acrescimo table of Lei 15.889/2013 art. 4 (https://legislacao.prefeitura.sp.gov.br/leis/lei-15889-de-05-de-novembro-de-2013), which for non-residential property reads: up to R$150,000 -0.4%; R$150,000-300,000 -0.2%; R$300,000-600,000 0.0%; R$600,000-1,200,000 +0.2%; above R$1,200,000 +0.4%. A data centre sits far above the top band, so the applicable effective aliquota = 1.5% + 0.4% = 1.9% of valor venal. Value 0.0190; low 0.0110 is the smallest-property case (1.5% - 0.4%), high 0.0190 the large-property case. Valor venal is the municipality's Planta Generica de Valores assessment, which typically runs below open-market value, so the rate on true market value is somewhat lower. last_verified is the year of the governing amending law (Lei 15.889/2013); the source pages give no tax year.",filled
mx-queretaro,tax_rate,"decimal, e.g. 0.021",,,,,,,"NOT FOUND. Target: impuesto predial tasas (al millar) for industrial property from the Ley de Ingresos del Municipio de Queretaro. Searched/attempted: (1) https://municipiodequeretaro.gob.mx/ - reached; exposes only https://municipiodequeretaro.gob.mx/pago-de-impuestos/ and http://portalfiscal.municipiodequeretaro.gob.mx; (2) https://municipiodequeretaro.gob.mx/pago-de-impuestos/ - reached, payment tools only, no rate schedule; (3) http://portalfiscal.municipiodequeretaro.gob.mx - reached, transparency portal listing actas de cabildo 2018-2022, no Ley de Ingresos rate tables; (4) https://municipiodequeretaro.gob.mx/ley-de-ingresos/ - PAGE EXISTS and is titled 'Ley de Ingresos del Municipio de Queretaro Ejercicio Fiscal 2026', but the document is delivered through a JavaScript PDF viewer ('Loading Viewer...') whose underlying PDF src is not present in the served HTML, so the tasas could not be read; (5) https://lasombradearteaga.segobqueretaro.gob.mx/ (Queretaro state official gazette) - reached, but it is a frameset with no navigable index for the fetcher. Web-search budget exhausted and no search engine reachable to locate the direct PDF. RECOMMENDATION: open https://municipiodequeretaro.gob.mx/ley-de-ingresos/ in a real browser and take the tasa al millar for predial urbano/industrial from the viewer; the effective rate will be tasa/1000 applied to the valor catastral, and the valor-catastral-to-market ratio should be stated as a further modelling step.",gap
ca-toronto,tax_rate,"decimal, e.g. 0.021",0.023,,,https://www.toronto.ca/services-payments/property-taxes-utilities/,2026,sourced,"Commercial 2.302 percent, industrial 2.417 percent. Unresolved which class MPAC assigns a data center, so note your choice.",filled
us-va-northern,tax_abatement_years,years,9,9,24,https://www.vedp.org/incentive/data-center-retail-sales-use-tax-exemption,2023,modeled,"Virginia / Loudoun. INSTRUMENT: retail SALES AND USE TAX EXEMPTION on data center equipment (Va. Code Sec. 58.1-609.3(18)), not a property tax abatement. The exemption is not a fixed number of years: VEDP states it runs 'from the date of the data center's MOU through June 30, 2035', so the term is the remaining life of the program at the date the qualifying MOU is signed. An MOU executed in 2026 therefore yields ~9 years (value = 2035 sunset minus 2026), which is why basis is modeled rather than sourced. Thresholds (150M USD capex / 50 jobs at 150% of local average wage; 70M USD / 10 jobs in distressed localities from 1 Jul 2023) must generally be met within 3 years of the MOU. High end of 24 years = MOUs signed on or after 1 Jan 2023 that commit 100B USD capex and 2,500 jobs, which extend the exemption to 2050 (35B USD / 1,000 jobs extends to 2040). Cross-checked against the Virginia Dept of Taxation report to the General Assembly dated 2 Jan 2026 (https://rga.lis.virginia.gov/Published/2026/RD40/PDF), which reports 56 companies claiming the exemption in FY2025 but does not state a per-facility term.",filled
us-tx-dfw,tax_abatement_years,years,15,10,20,https://comptroller.texas.gov/taxes/data-centers/index.php,2026-02,sourced,"Texas / Dallas-Fort Worth. INSTRUMENT: state SALES AND USE TAX EXEMPTION on qualifying data center equipment, not a property tax abatement (local sales tax is still due for the standard program). Tex. Tax Code Sec. 151.359: 10 years from certification for 200-249M USD capex, 15 years for 250M USD+ capex within 5 years, plus 20 qualifying jobs and 100,000 sq ft in a single building. Tex. Tax Code Sec. 151.3595 'qualifying large data center project': 20 years, 500M USD capex, 40 jobs, 20 MW contracted, 250,000 sq ft, and it exempts state AND local sales tax. Comptroller page last updated 20 Feb 2026. OBSERVED TERMS (the only observed US term data): the Comptroller's registry at https://comptroller.texas.gov/taxes/data-centers/data-center-lists.php was read for effective-to-end date spans. 5 facilities show full-term (non-revoked) spans: NADC 09/2013-09/2023 = 10 yr; LinkedIn Richardson 02/2014-02/2029 = 15 yr; State Farm Richardson 06/2015-06/2030 = 15 yr; Microsoft SAT09-SAT13 12/2015-12/2035 = 20 yr; Winner LLC 06/2015-06/2035 = 20 yr. Median = 15 years. Both DFW-market facilities in that set (LinkedIn Richardson, State Farm Richardson) are exactly 15 years, which is what this row records. Six further rows with end dates (Cedarvale, Cipher Black Pearl, Giga Texas, Hockley, Lonestar Taproot x2, TX11) show spans of 1 month to 4 years and were excluded as revocations/terminations, not scheduled expirations.",filled
us-az-phoenix,tax_abatement_years,years,10,10,20,https://www.ncsl.org/fiscal/subsidizing-servers-how-states-are-competing-to-attract-data-centers,2026-04,sourced,"Arizona / Phoenix. INSTRUMENT: transaction privilege (sales) and use TAX EXEMPTION on qualifying equipment under the Computer Data Center program, A.R.S. Sec. 41-1519 - an equipment tax exemption, not a property tax abatement. NCSL 50-state survey (updated 1 Apr 2026) records the term as 10 or 20 years depending on sustainability certification, with a 2033 program sunset. Confirmed on the Arizona Commerce Authority program page (https://www.azcommerce.com/incentives/computer-data-center-program/): 'up to 10 full calendar years following certification', extended to 'up to 20 full calendar years' for Sustainable Redevelopment Projects; capex 50M USD within 5 years in Maricopa/Pima counties, 25M USD elsewhere; ACA may accept certification applications only between 1 Sep 2013 and 31 Dec 2033. Value records the standard 10-year term because Phoenix sits in Maricopa County and most projects certify under the standard tier.",filled
us-ga-atlanta,tax_abatement_years,years,7,7,7,https://www.audits.ga.gov/ReportSearch/download/29072,2022-12,sourced,"Georgia / Atlanta. INSTRUMENT: state and local SALES AND USE TAX EXEMPTION on data center equipment (high-technology data center exemption, O.C.G.A. Sec. 48-8-3(68.1)) - an equipment exemption, not a property tax abatement. Georgia Dept of Audits and Accounts tax incentive evaluation (Dec 2022) states 'Data centers must meet the investment threshold within seven years of their exemption start date', which is the operative term of a certificate; thresholds are tiered by county population (25M USD under 30,000; 75M USD for 30,000-50,000; 250M USD over 50,000 - Fulton/DeKalb/Douglas etc. in the Atlanta market fall in the 250M USD tier). SUNSET: sources conflict and this matters. The 2022 audit says the exemption sunsets in 2033 (as extended by HB 1291, 2022); Alston and Bird, 12 Feb 2026 (https://www.alston.com/en/insights/publications/2026/02/georgia-sales-tax-exemptions-data-centers) states it 'is set to expire on December 31, 2031'; NCSL (1 Apr 2026) says 2032. Treat the sunset as 2031-2033 and note that five 2026 bills (SB 408, SB 410, SB 436, HB 559, HB 1012) would repeal, suspend or pause it.",filled
us-oh-columbus,tax_abatement_years,years,15,15,15,https://signalohio.org/ohio-data-centers-tax-breaks/,2025-07,sourced,"Ohio / Columbus. INSTRUMENT: SALES AND USE TAX EXEMPTION on data center equipment under Ohio Rev. Code Sec. 122.175, granted by agreement with the Ohio Tax Credit Authority - not a property tax abatement. The statute sets no maximum: 'The term of an agreement under this section shall be determined by the tax credit authority'; eligibility is 100M USD capital investment plus 1.5M USD annual payroll at the site. In practice the awarded term is 15 years: Signal Ohio (30 Jul 2025) reports that for Microsoft's New Albany facility, in the Columbus market, 'the state Tax Credit Authority gave the company a 100% sales tax exemption for 15 years'. NCSL (1 Apr 2026) describes Ohio's as up to 15 years. IMPORTANT CURRENT STATUS: Governor DeWine announced on 27 May 2026 that he directed the Tax Credit Authority to pause consideration of any NEW data center tax exemption requests (https://governor.ohio.gov/media/news-and-media/governor-dewine-announces-pause-of-data-center-tax-exemption); existing agreements are unaffected, so 15 years remains the term of an agreement already in force.",filled
us-il-chicago,tax_abatement_years,years,20,20,20,https://dceo.illinois.gov/expandrelocate/incentives/datacenters.html,2026-07,sourced,"Illinois / Chicago. INSTRUMENT: SALES TAX EXEMPTION certificate under the Illinois Data Centers Investment Program (20 ILCS 605/605-1025) covering state and local sales taxes on equipment, plus a construction-jobs income tax credit; there is also an optional local property tax abatement that a taxing district may grant separately. DCEO states the exemption is issued in '5-year increment certificates that are renewable' within a '20-year life span'; thresholds are 250M USD capex over 60 months and 20 new full-time jobs at 120% of county median wage, with a carbon-neutral or green-building certification required within 2 years. NCSL (1 Apr 2026) records 20 years with renewal every 5 years and no new certificates after 2029. CURRENT STATUS: the DCEO page states that per the Governor's directive DCEO 'will no longer process applications for the data center incentive program as of July 1, 2026', so the 20-year term applies to existing certificate holders, not to a new entrant.",filled
us-ut-salt-lake-city,tax_abatement_years,years,,,,https://le.utah.gov/xcode/Title59/Chapter12/C59-12-S104_2026010120251206.pdf,2026-01,,"Utah / Salt Lake City. NOT FOUND as a number, and this is a definitional gap rather than a research failure, so the value is left null rather than 0 (0 would wrongly read as 'no incentive available'). What I checked and what it says: NCSL's 50-state survey (1 Apr 2026) lists Utah's incentive as a sales tax exemption on machinery, equipment and repair parts for facilities of at least 150,000 sq ft under Utah Code Sec. 59-12-104, and records no term. The Utah Code text effective 1 Jan 2026 was read directly: the qualifying data center / web search portal establishment exemptions (subsections at 59-12-104) carry no term of years, no expiration and no sunset - they are permanent statutory exemptions claimed by any taxpayer that meets the size test, with no agreement and therefore no agreement term. Utah Admin. Code R865-19S-122 (amended 13 Dec 2018) likewise sets no term. I found no data-center-specific PROPERTY TAX abatement in Utah; county-level property tax relief is discretionary and generic. So there is no 'typical term in years' to record. Also searched: NCSL, Utah Code 59-12-104, Utah Admin Code R865-19S-122, SB 114 (2020) coverage. Separately note Gov. Cox's late-May 2026 executive order setting 'a Higher Bar for Data Center Development in Utah'.",gap
us-tx-san-antonio,tax_abatement_years,years,15,10,20,https://comptroller.texas.gov/taxes/data-centers/index.php,2026-02,sourced,"Texas / Bexar (San Antonio). Same statutes and same instrument as the DFW row: state SALES AND USE TAX EXEMPTION on equipment, not a property tax abatement. Tex. Tax Code Sec. 151.359 gives 10 years at 200-249M USD capex and 15 years at 250M USD+; Sec. 151.3595 gives 20 years (state and local sales tax) for a qualifying large data center project at 500M USD capex, 40 jobs, 20 MW and 250,000 sq ft. Comptroller page last updated 20 Feb 2026. OBSERVED TERMS from https://comptroller.texas.gov/taxes/data-centers/data-center-lists.php: 5 facilities statewide have full-term (non-revoked) effective-to-end spans - 10 yr (NADC), 15 yr (LinkedIn Richardson), 15 yr (State Farm Richardson), 20 yr (Microsoft SAT09-SAT13), 20 yr (Winner LLC) - median 15 years, which is the value recorded. Market-specific caveat stated plainly: the only San Antonio facility in that set, Microsoft SAT09-SAT13 (12/15/2015 to 12/15/2035), runs 20 years because it is registered as a large data center project; San Antonio's other registered facilities (ALE60, ALE61, San Antonio Data Center II) are standard qualifying data centers with no end date posted yet. n = 5 facilities used statewide, 1 of them in the San Antonio market.",filled
us-or-portland,tax_abatement_years,years,5,3,15,https://www.hillsboro-oregon.gov/Home/Components/News/News/17404/4300,2026-05,sourced,"Oregon / Portland (Hillsboro, Washington County). Oregon has NO SALES TAX AT ALL, so 'no sales tax' is not an abatement and is not what this row measures. INSTRUMENT: local PROPERTY TAX ABATEMENT. Two instruments exist. (1) Enterprise zone: 100% property tax abatement on new qualified capital assets; the City of Hillsboro Q&A dated 8 May 2026 states 'Each application covers a period of 3 to 5 years. That is the maximum exemption period allowed.' Value 5 = the maximum standard enterprise-zone term, low 3 = the minimum. (2) Strategic Investment Program: a longer property tax abatement on assessed value above a taxable threshold for very large investments, documented at up to 15 years (https://www.stackinfra.com/wp-content/uploads/2021/02/Portland_Tax_Incentives_022421.pdf), which is the high bound; standalone data centers in Hillsboro are now negotiated through SIP. CURRENT STATUS: both are frozen. Oregon HB 4084 (passed March 2026) imposed a one-year statewide moratorium on new data center tax exemptions beginning 6 Jun 2026, and Hillsboro City Council approved a 180-day pause on new SIP agreements for standalone data centers on 21 Jul 2026 (https://hillsboronewstimes.com/2026/07/22/hillsboro-pauses-more-data-center-tax-breaks-to-close-potential-loophole/).",filled
us-ne-omaha,tax_abatement_years,years,0,0,0,https://nebraskalegislature.gov/laws/statutes.php?statute=77-2704.62,2026-07,sourced,"Nebraska / Omaha. Value is 0 because the data-center-specific instrument no longer exists. Neb. Rev. Stat. Sec. 77-2704.62, the data center sales and use tax exemption cited by NCSL's 1 Apr 2026 survey, now reads on the Nebraska Legislature's own statute page: 'Repealed. Laws 2026, LB901, Sec. 43.' operative 1 July 2026. The remaining route, the ImagiNE Nebraska Act (sales and use tax refunds, personal property tax exemptions, investment and wage credits), was closed to data centers by Governor Pillen's executive order signed 21 July 2026, which bars all new data center project applications from ImagiNE credits (https://nebraskaexaminer.com/2026/07/20/pillen-rescinds-imagine-act-tax-incentives-for-new-nebraska-data-centers/). What I checked: NCSL survey, Neb. Rev. Stat. 77-2704.62, ImagiNE Nebraska Act materials, Good Jobs First coverage of the repeal. Existing agreements signed before these dates are unaffected, but a new Omaha project has no data-center-specific term to record.",filled
us-ia-des-moines,tax_abatement_years,years,10,10,15,https://nyemaster.com/news/immediate-iowa-tax-law-changes-for-data/,2025-06,sourced,"Iowa / Des Moines. TWO DIFFERENT INSTRUMENTS, both sales and use tax exemptions, neither a property tax abatement. (1) Equipment: Iowa Code Sec. 423.3(95) exempts computers, equipment and related purchases for data centers meeting the investment threshold (200M USD for the full exemption; smaller partial-refund tiers at 1M and 10M USD) - this one is PERMANENT, with no term of years, tied to the investment threshold. (2) Electricity and fuel: H.F. 976, signed and effective 9 June 2025, put a clock on the energy exemption for the first time - indefinite for data centers already operating before 6 June 2025, 10 years for new or expanded facilities in cities with population over 30,000, and 15 years in cities of 30,000 or fewer. Des Moines has roughly 215,000 residents, so a new Des Moines-market facility gets the 10-year energy exemption, which is the value recorded; 15 is the rural high bound. NCSL (1 Apr 2026) corroborates '10-15 years beginning 2025' and notes the 30-new-job / 200M USD-in-6-years requirement and clawback if 80% of the investment threshold is missed.",filled
us-nv-reno,tax_abatement_years,years,20,10,20,https://goed.nv.gov/wp-content/uploads/2025/08/Data-Center-2026.pdf,2025-08,sourced,"Nevada / Reno (Storey and Washoe counties). TWO INSTRUMENTS RUNNING TOGETHER, which is unusual: a SALES AND USE TAX ABATEMENT (rate reduced to 2%) and a PERSONAL PROPERTY TAX ABATEMENT (75% of tax due), both under NRS 360.754 with the property piece at NRS 361.0683. Nevada GOED's data center fact sheet (Aug 2025) sets two tiers: 25M USD capital investment and 10 full-time Nevada-resident jobs gives 10 years of each abatement; 100M USD and 50 jobs gives 20 years of each. All requirements must be met within the first 5 years of operation and wages must be at least 100% of the statewide average. Value 20 records the tier that Reno-market hyperscale campuses (Tahoe Reno Industrial Center, Storey County) qualify for; 10 is the small-project floor. NCSL (1 Apr 2026) corroborates the 2% sales tax rate, the up-to-75% personal property abatement and the 50%-Nevada-resident construction labor condition.",filled
ie-dublin,tax_abatement_years,years,0,,,,2026-07,modeled,"No US style property tax abatement exists in any of these markets. Zero is the correct answer. Exceptions: Mumbai reclassifies rather than abates, and Brazil's ReData expired 25 Feb 2026. Basis downgraded from sourced to modeled during QA: this is a documented negative finding with no single URL behind it, so it cannot claim sourced under rule 1.",filled
nl-amsterdam,tax_abatement_years,years,0,,,,2026-07,modeled,"No US style property tax abatement exists in any of these markets. Zero is the correct answer. Exceptions: Mumbai reclassifies rather than abates, and Brazil's ReData expired 25 Feb 2026. Basis downgraded from sourced to modeled during QA: this is a documented negative finding with no single URL behind it, so it cannot claim sourced under rule 1.",filled
de-frankfurt,tax_abatement_years,years,0,,,,2026-07,modeled,"No US style property tax abatement exists in any of these markets. Zero is the correct answer. Exceptions: Mumbai reclassifies rather than abates, and Brazil's ReData expired 25 Feb 2026. Basis downgraded from sourced to modeled during QA: this is a documented negative finding with no single URL behind it, so it cannot claim sourced under rule 1.",filled
uk-slough,tax_abatement_years,years,0,,,,2026-07,modeled,"No US style property tax abatement exists in any of these markets. Zero is the correct answer. Exceptions: Mumbai reclassifies rather than abates, and Brazil's ReData expired 25 Feb 2026. Basis downgraded from sourced to modeled during QA: this is a documented negative finding with no single URL behind it, so it cannot claim sourced under rule 1.",filled
fr-paris,tax_abatement_years,years,0,,,,2026-07,modeled,"No US style property tax abatement exists in any of these markets. Zero is the correct answer. Exceptions: Mumbai reclassifies rather than abates, and Brazil's ReData expired 25 Feb 2026. Basis downgraded from sourced to modeled during QA: this is a documented negative finding with no single URL behind it, so it cannot claim sourced under rule 1.",filled
se-lulea,tax_abatement_years,years,0,,,,2026-07,modeled,"No US style property tax abatement exists in any of these markets. Zero is the correct answer. Exceptions: Mumbai reclassifies rather than abates, and Brazil's ReData expired 25 Feb 2026. Basis downgraded from sourced to modeled during QA: this is a documented negative finding with no single URL behind it, so it cannot claim sourced under rule 1.",filled
no-oslo,tax_abatement_years,years,0,,,,2026-07,modeled,"No US style property tax abatement exists in any of these markets. Zero is the correct answer. Exceptions: Mumbai reclassifies rather than abates, and Brazil's ReData expired 25 Feb 2026. Basis downgraded from sourced to modeled during QA: this is a documented negative finding with no single URL behind it, so it cannot claim sourced under rule 1.",filled
sg-singapore,tax_abatement_years,years,0,,,,2026-07,modeled,"No US style property tax abatement exists in any of these markets. Zero is the correct answer. Exceptions: Mumbai reclassifies rather than abates, and Brazil's ReData expired 25 Feb 2026. Basis downgraded from sourced to modeled during QA: this is a documented negative finding with no single URL behind it, so it cannot claim sourced under rule 1.",filled
jp-tokyo,tax_abatement_years,years,0,,,,2026-07,modeled,"No US style property tax abatement exists in any of these markets. Zero is the correct answer. Exceptions: Mumbai reclassifies rather than abates, and Brazil's ReData expired 25 Feb 2026. Basis downgraded from sourced to modeled during QA: this is a documented negative finding with no single URL behind it, so it cannot claim sourced under rule 1.",filled
in-mumbai,tax_abatement_years,years,0,,,,2026-07,modeled,"No US style property tax abatement exists in any of these markets. Zero is the correct answer. Exceptions: Mumbai reclassifies rather than abates, and Brazil's ReData expired 25 Feb 2026. Basis downgraded from sourced to modeled during QA: this is a documented negative finding with no single URL behind it, so it cannot claim sourced under rule 1.",filled
br-sao-paulo,tax_abatement_years,years,0,,,,2026-07,modeled,"No US style property tax abatement exists in any of these markets. Zero is the correct answer. Exceptions: Mumbai reclassifies rather than abates, and Brazil's ReData expired 25 Feb 2026. Basis downgraded from sourced to modeled during QA: this is a documented negative finding with no single URL behind it, so it cannot claim sourced under rule 1.",filled
mx-queretaro,tax_abatement_years,years,0,,,,2026-07,modeled,"No US style property tax abatement exists in any of these markets. Zero is the correct answer. Exceptions: Mumbai reclassifies rather than abates, and Brazil's ReData expired 25 Feb 2026. Basis downgraded from sourced to modeled during QA: this is a documented negative finding with no single URL behind it, so it cannot claim sourced under rule 1.",filled
ca-toronto,tax_abatement_years,years,0,,,,2026-07,modeled,"No US style property tax abatement exists in any of these markets. Zero is the correct answer. Exceptions: Mumbai reclassifies rather than abates, and Brazil's ReData expired 25 Feb 2026. Basis downgraded from sourced to modeled during QA: this is a documented negative finding with no single URL behind it, so it cannot claim sourced under rule 1.",filled
us-va-northern,incentive_tier,high / medium / low,high,,,https://rga.lis.virginia.gov/Published/2026/RD40/PDF,2026-01,modeled,"Rule applied to all 25 tier rows: HIGH = a statutory, data-center-specific incentive with a 10+ year term, materially covering the dominant cost base (equipment/energy or property), still open to new applicants, with a live pipeline of facilities using it. MEDIUM = a data-center-specific incentive exists but is narrower - shorter than 10 years, equipment-only, discretionary/negotiated, capped, or currently paused. LOW = no data-center-specific incentive (generic business incentives only) or an actively hostile posture (moratorium, grid-connection restriction, repeal, or a program closed to new applicants). The tier is an ordinal I assigned by applying this rule to sourced facts, so basis is modeled, not sourced. Northern Virginia / Loudoun = HIGH. Facts: (1) a statutory data-center-specific sales and use tax exemption (Va. Code 58.1-609.3(18)) runs through 30 June 2035 and is extendable to 2040 and 2050 for mega-investments, i.e. a term well over 10 years; (2) the Virginia Dept of Taxation's report to the General Assembly dated 2 Jan 2026 shows a live pipeline - 48 companies claimed the benefit in FY2024 and 56 in FY2025; (3) the program is open to new entrants via a VEDP MOU at 150M USD capex / 50 jobs, or 70M USD / 10 jobs in distressed localities.",filled
us-tx-dfw,incentive_tier,high / medium / low,high,,,https://comptroller.texas.gov/taxes/data-centers/data-center-lists.php,2026-05,modeled,"Rule applied to all 25 tier rows: HIGH = a statutory, data-center-specific incentive with a 10+ year term, materially covering the dominant cost base (equipment/energy or property), still open to new applicants, with a live pipeline of facilities using it. MEDIUM = a data-center-specific incentive exists but is narrower - shorter than 10 years, equipment-only, discretionary/negotiated, capped, or currently paused. LOW = no data-center-specific incentive (generic business incentives only) or an actively hostile posture (moratorium, grid-connection restriction, repeal, or a program closed to new applicants). The tier is an ordinal I assigned by applying this rule to sourced facts, so basis is modeled, not sourced. Dallas-Fort Worth = HIGH. Facts: (1) statutory sales and use tax exemptions of 10, 15 or 20 years by facility size (Tex. Tax Code 151.359 and 151.3595), the 20-year large-project version covering local sales tax as well as state; (2) the Comptroller's registry, last modified 29 May 2026, lists 48 registered qualifying data centers and 77 registered qualifying large data center projects - an unusually large live pipeline actually using the instrument, including DFW facilities in Richardson, Red Oak and Dallas; (3) no state-level pause or repeal is in force, in contrast to Ohio, Illinois, Oregon and Nebraska in 2026.",filled
us-az-phoenix,incentive_tier,high / medium / low,high,,,https://www.azcommerce.com/incentives/computer-data-center-program/,2033,modeled,"Rule applied to all 25 tier rows: HIGH = a statutory, data-center-specific incentive with a 10+ year term, materially covering the dominant cost base (equipment/energy or property), still open to new applicants, with a live pipeline of facilities using it. MEDIUM = a data-center-specific incentive exists but is narrower - shorter than 10 years, equipment-only, discretionary/negotiated, capped, or currently paused. LOW = no data-center-specific incentive (generic business incentives only) or an actively hostile posture (moratorium, grid-connection restriction, repeal, or a program closed to new applicants). The tier is an ordinal I assigned by applying this rule to sourced facts, so basis is modeled, not sourced. Phoenix = HIGH. Facts: (1) the Computer Data Center program (A.R.S. 41-1519) gives a data-center-specific exemption from state, county and municipal transaction privilege and use tax on qualifying equipment for up to 10 full calendar years, extended to up to 20 for Sustainable Redevelopment Projects - at or above the 10-year bar; (2) it is open to new applicants, the Arizona Commerce Authority being authorised to certify projects through 31 December 2033 (the only date the page states, used here as last_verified); (3) thresholds are low enough for a live pipeline - 50M USD within 5 years in Maricopa County (Phoenix), 25M USD elsewhere. Narrowing factor noted: it is equipment-only, with no data-center-specific property tax abatement, and Arizona's breaks were under budget scrutiny in 2026.",filled
us-ga-atlanta,incentive_tier,high / medium / low,medium,,,https://www.alston.com/en/insights/publications/2026/02/georgia-sales-tax-exemptions-data-centers,2026-02,modeled,"Rule applied to all 25 tier rows: HIGH = a statutory, data-center-specific incentive with a 10+ year term, materially covering the dominant cost base (equipment/energy or property), still open to new applicants, with a live pipeline of facilities using it. MEDIUM = a data-center-specific incentive exists but is narrower - shorter than 10 years, equipment-only, discretionary/negotiated, capped, or currently paused. LOW = no data-center-specific incentive (generic business incentives only) or an actively hostile posture (moratorium, grid-connection restriction, repeal, or a program closed to new applicants). The tier is an ordinal I assigned by applying this rule to sourced facts, so basis is modeled, not sourced. Atlanta = MEDIUM, not high. Facts: (1) Georgia's high-technology data center exemption (O.C.G.A. 48-8-3(68.1)) is real and covers state and local sales tax on equipment, but the operative window is 7 years to hit the investment threshold - below the 10-year bar - and it is equipment-only with no property tax component; (2) it carries a hard sunset, stated as 31 December 2031 by Alston and Bird on 12 Feb 2026 (the Georgia Dept of Audits evaluation says 2033, NCSL says 2032); (3) five bills filed in the 2026 session would curtail it - SB 408 (ends it 1 Jan 2027), SB 410 (ends it on enactment), SB 436 (suspends new certificates 1 Jul 2026 to 30 Jun 2027), HB 559 (ends it 31 Dec 2026) and HB 1012 (statewide construction pause to 1 Mar 2027). A live but shrinking and contested incentive is the definition of medium here.",filled
us-oh-columbus,incentive_tier,high / medium / low,medium,,,https://governor.ohio.gov/media/news-and-media/governor-dewine-announces-pause-of-data-center-tax-exemption,2026-05,modeled,"Rule applied to all 25 tier rows: HIGH = a statutory, data-center-specific incentive with a 10+ year term, materially covering the dominant cost base (equipment/energy or property), still open to new applicants, with a live pipeline of facilities using it. MEDIUM = a data-center-specific incentive exists but is narrower - shorter than 10 years, equipment-only, discretionary/negotiated, capped, or currently paused. LOW = no data-center-specific incentive (generic business incentives only) or an actively hostile posture (moratorium, grid-connection restriction, repeal, or a program closed to new applicants). The tier is an ordinal I assigned by applying this rule to sourced facts, so basis is modeled, not sourced. Columbus = MEDIUM. Facts: (1) Ohio's data-center-specific sales and use tax exemption (ORC 122.175) is generous where granted - 100% for 15 years for Microsoft's New Albany site in the Columbus market, per Signal Ohio, 30 Jul 2025 - which on term alone would be high; (2) but Governor DeWine announced on 27 May 2026 that he directed the Tax Credit Authority to pause consideration of any new data center tax exemption requests while the legislature studies the industry, so the program is closed to a new entrant even though it is not repealed; (3) it is discretionary and negotiated (term set case by case by the Tax Credit Authority) and equipment-only, with no property tax component. Paused plus discretionary plus equipment-only = medium.",filled
us-il-chicago,incentive_tier,high / medium / low,low,,,https://dceo.illinois.gov/expandrelocate/incentives/datacenters.html,2026-07,modeled,"Rule applied to all 25 tier rows: HIGH = a statutory, data-center-specific incentive with a 10+ year term, materially covering the dominant cost base (equipment/energy or property), still open to new applicants, with a live pipeline of facilities using it. MEDIUM = a data-center-specific incentive exists but is narrower - shorter than 10 years, equipment-only, discretionary/negotiated, capped, or currently paused. LOW = no data-center-specific incentive (generic business incentives only) or an actively hostile posture (moratorium, grid-connection restriction, repeal, or a program closed to new applicants). The tier is an ordinal I assigned by applying this rule to sourced facts, so basis is modeled, not sourced. Chicago = LOW, on the 'program closed to new applicants' branch of the rule rather than on absence. Facts: (1) the Illinois Data Centers Investment Program (20 ILCS 605/605-1025) is a strong instrument on paper - sales tax exemption in renewable 5-year increments across a 20-year life span, plus a construction-jobs credit and an optional local property tax abatement; (2) DCEO's own page states that per the Governor's directive it 'will no longer process applications for the data center incentive program as of July 1, 2026', so a new Chicago-market project cannot obtain a certificate; (3) NCSL (1 Apr 2026) separately records that no new certificates may be issued after 2029 and that the program requires 250M USD capex, 20 jobs at 120% of county median wage and carbon-neutral or green certification within 2 years. Existing certificate holders keep their 20 years; new entrants get nothing.",filled
us-ut-salt-lake-city,incentive_tier,high / medium / low,medium,,,https://www.ncsl.org/fiscal/subsidizing-servers-how-states-are-competing-to-attract-data-centers,2026-04,modeled,"Rule applied to all 25 tier rows: HIGH = a statutory, data-center-specific incentive with a 10+ year term, materially covering the dominant cost base (equipment/energy or property), still open to new applicants, with a live pipeline of facilities using it. MEDIUM = a data-center-specific incentive exists but is narrower - shorter than 10 years, equipment-only, discretionary/negotiated, capped, or currently paused. LOW = no data-center-specific incentive (generic business incentives only) or an actively hostile posture (moratorium, grid-connection restriction, repeal, or a program closed to new applicants). The tier is an ordinal I assigned by applying this rule to sourced facts, so basis is modeled, not sourced. Salt Lake City = MEDIUM. Facts: (1) Utah does have a data-center-specific sales and use tax exemption on machinery, equipment and repair parts for facilities of at least 150,000 sq ft (Utah Code 59-12-104, from SB 114 of 2020), recorded by NCSL's 1 Apr 2026 survey; (2) but it is equipment-only with no data-center-specific property tax abatement, and it is a flat statutory exemption with no term, no agreement and no negotiated uplift - there is nothing to score as a 10+ year committed term; (3) the policy direction is tightening, with Governor Cox issuing an executive order in late May 2026 setting 'a Higher Bar for Data Center Development in Utah' on water, air, wildlife and ratepayer protection. Real but narrow, so medium.",filled
us-tx-san-antonio,incentive_tier,high / medium / low,high,,,https://comptroller.texas.gov/taxes/data-centers/index.php,2026-02,modeled,"Rule applied to all 25 tier rows: HIGH = a statutory, data-center-specific incentive with a 10+ year term, materially covering the dominant cost base (equipment/energy or property), still open to new applicants, with a live pipeline of facilities using it. MEDIUM = a data-center-specific incentive exists but is narrower - shorter than 10 years, equipment-only, discretionary/negotiated, capped, or currently paused. LOW = no data-center-specific incentive (generic business incentives only) or an actively hostile posture (moratorium, grid-connection restriction, repeal, or a program closed to new applicants). The tier is an ordinal I assigned by applying this rule to sourced facts, so basis is modeled, not sourced. San Antonio = HIGH. Facts: (1) the same statutory Texas exemptions apply - 10 or 15 years under Tex. Tax Code 151.359 by capex tier, and 20 years under 151.3595 for a qualifying large data center project, which uniquely also exempts LOCAL sales tax; (2) San Antonio has demonstrably used the large-project route - Microsoft's SAT09-SAT13 project is certified from 15 Dec 2015 to 15 Dec 2035, a full 20-year term, and further San Antonio facilities (Alamo Data Center, ALE60, ALE61, San Antonio Data Center II) sit on the Comptroller's registers; (3) the program remains open, with facilities certified as recently as 2026. Comptroller page last updated 20 Feb 2026.",filled
us-or-portland,incentive_tier,high / medium / low,low,,,https://hillsboronewstimes.com/2026/07/22/hillsboro-pauses-more-data-center-tax-breaks-to-close-potential-loophole/,2026-07,modeled,"Rule applied to all 25 tier rows: HIGH = a statutory, data-center-specific incentive with a 10+ year term, materially covering the dominant cost base (equipment/energy or property), still open to new applicants, with a live pipeline of facilities using it. MEDIUM = a data-center-specific incentive exists but is narrower - shorter than 10 years, equipment-only, discretionary/negotiated, capped, or currently paused. LOW = no data-center-specific incentive (generic business incentives only) or an actively hostile posture (moratorium, grid-connection restriction, repeal, or a program closed to new applicants). The tier is an ordinal I assigned by applying this rule to sourced facts, so basis is modeled, not sourced. Portland = LOW, on the actively-hostile branch. Facts: (1) Oregon has no state data-center-specific incentive at all - NCSL (1 Apr 2026) records 'no dedicated incentive; data centers may access Enterprise Zones', and Oregon's lack of a sales tax is a general feature of the tax code, not an abatement; (2) the only instruments are generic local property tax tools, the Hillsboro enterprise zone at a maximum of 3 to 5 years and the Strategic Investment Program for very large investments; (3) both are frozen - Oregon HB 4084, passed in March 2026, imposed a one-year statewide moratorium on new data center tax exemptions from 6 June 2026, and Hillsboro City Council added a 180-day pause on new SIP agreements for standalone data centers on 21 July 2026. Politicians and the teachers' union are also suing Hillsboro and Washington County over existing data center breaks.",filled
us-ne-omaha,incentive_tier,high / medium / low,low,,,https://nebraskalegislature.gov/laws/statutes.php?statute=77-2704.62,2026-07,modeled,"Rule applied to all 25 tier rows: HIGH = a statutory, data-center-specific incentive with a 10+ year term, materially covering the dominant cost base (equipment/energy or property), still open to new applicants, with a live pipeline of facilities using it. MEDIUM = a data-center-specific incentive exists but is narrower - shorter than 10 years, equipment-only, discretionary/negotiated, capped, or currently paused. LOW = no data-center-specific incentive (generic business incentives only) or an actively hostile posture (moratorium, grid-connection restriction, repeal, or a program closed to new applicants). The tier is an ordinal I assigned by applying this rule to sourced facts, so basis is modeled, not sourced. Omaha = LOW, on the repeal branch. Facts: (1) Nebraska's data-center-specific sales and use tax exemption, Neb. Rev. Stat. 77-2704.62, was repealed by Laws 2026, LB901, Sec. 43, operative 1 July 2026 - the Legislature's own statute page now shows only the repeal note; (2) Governor Pillen signed an executive order on 21 July 2026 barring all new data center projects from ImagiNE Nebraska Act incentives (sales and use tax refunds, personal property tax exemptions, investment and wage credits), saying the state needs to 'attract givers, not takers'; (3) what remains for a new Omaha project is generic business incentives only. Existing Sarpy County agreements survive, but nothing data-center-specific is available going forward.",filled
us-ia-des-moines,incentive_tier,high / medium / low,high,,,https://nyemaster.com/news/immediate-iowa-tax-law-changes-for-data/,2025-06,modeled,"Rule applied to all 25 tier rows: HIGH = a statutory, data-center-specific incentive with a 10+ year term, materially covering the dominant cost base (equipment/energy or property), still open to new applicants, with a live pipeline of facilities using it. MEDIUM = a data-center-specific incentive exists but is narrower - shorter than 10 years, equipment-only, discretionary/negotiated, capped, or currently paused. LOW = no data-center-specific incentive (generic business incentives only) or an actively hostile posture (moratorium, grid-connection restriction, repeal, or a program closed to new applicants). The tier is an ordinal I assigned by applying this rule to sourced facts, so basis is modeled, not sourced. Des Moines = HIGH. Facts: (1) Iowa Code 423.3(95) gives a permanent, data-center-specific sales and use tax exemption on computers, equipment and related purchases at the 200M USD investment tier, with partial-refund tiers at 1M and 10M USD - no expiry for the taxpayer; (2) H.F. 976, effective 9 June 2025, kept a data-center-specific electricity and fuel exemption running 10 years for new or expanded facilities in cities over 30,000 (which is Des Moines) and 15 years in smaller cities, so the energy benefit clears the 10-year bar; (3) the Des Moines metro has a large live pipeline built on these provisions. Narrowing factors noted honestly: the 2025 law tightened the energy exemption from indefinite to time-limited, added a 30-job requirement, a 200M USD-in-6-years test and a clawback if 80% of the investment threshold is missed.",filled
us-nv-reno,incentive_tier,high / medium / low,high,,,https://goed.nv.gov/wp-content/uploads/2025/08/Data-Center-2026.pdf,2025-08,modeled,"Rule applied to all 25 tier rows: HIGH = a statutory, data-center-specific incentive with a 10+ year term, materially covering the dominant cost base (equipment/energy or property), still open to new applicants, with a live pipeline of facilities using it. MEDIUM = a data-center-specific incentive exists but is narrower - shorter than 10 years, equipment-only, discretionary/negotiated, capped, or currently paused. LOW = no data-center-specific incentive (generic business incentives only) or an actively hostile posture (moratorium, grid-connection restriction, repeal, or a program closed to new applicants). The tier is an ordinal I assigned by applying this rule to sourced facts, so basis is modeled, not sourced. Reno = HIGH, and it is the cleanest high in the set because it covers BOTH cost bases. Facts: (1) NRS 360.754 abates sales and use tax down to a 2% rate and NRS 361.0683 abates 75% of personal property tax, for the same project; (2) the terms are 10 years at 25M USD capex and 10 Nevada-resident jobs, or 20 years at 100M USD and 50 jobs, per Nevada GOED's Aug 2025 data center fact sheet - a Reno-market hyperscale campus sits in the 20-year tier; (3) the statutes are effective through 31 December 2056 and the Tahoe Reno Industrial Center in Storey County is a live, heavily used pipeline. Conditions are a 100%-of-statewide-average wage floor and at least 50% Nevada residents on construction labour.",filled
ie-dublin,incentive_tier,high / medium / low,low,,,https://www.cru.ie/about-us/news/the-cru-publishes-its-decision-on-new-electricity-connection-policy-for-data-centres/,2025-12,modeled,"Rule applied to all 25 tier rows: HIGH = a statutory, data-center-specific incentive with a 10+ year term, materially covering the dominant cost base (equipment/energy or property), still open to new applicants, with a live pipeline of facilities using it. MEDIUM = a data-center-specific incentive exists but is narrower - shorter than 10 years, equipment-only, discretionary/negotiated, capped, or currently paused. LOW = no data-center-specific incentive (generic business incentives only) or an actively hostile posture (moratorium, grid-connection restriction, repeal, or a program closed to new applicants). The tier is an ordinal I assigned by applying this rule to sourced facts, so basis is modeled, not sourced. Dublin = LOW, on the actively-hostile branch: the binding constraint is a grid-connection condition, which is a negative incentive. Facts: (1) the Commission for Regulation of Utilities published its decision on 12 December 2025 requiring a new data centre to bring generation and/or storage capacity, onsite or local, matching its requested maximum import demand; (2) it must also source at least 80% of annual electricity from new renewable projects in the Republic of Ireland, with a 6-year development window, and connection is assessed on whether the location is constrained or unconstrained - which is what bites in the Dublin region; (3) Ireland offers no data-centre-specific tax incentive - the 12.5% trading rate and the 15% Pillar Two rate are economy-wide, not sector instruments. A connection condition that requires you to build your own generation is the opposite of an incentive.",filled
nl-amsterdam,incentive_tier,high / medium / low,low,,,https://knowledge.sdialliance.org/policies/spatial-strategy-data-centers-2030,2022,modeled,"Rule applied to all 25 tier rows: HIGH = a statutory, data-center-specific incentive with a 10+ year term, materially covering the dominant cost base (equipment/energy or property), still open to new applicants, with a live pipeline of facilities using it. MEDIUM = a data-center-specific incentive exists but is narrower - shorter than 10 years, equipment-only, discretionary/negotiated, capped, or currently paused. LOW = no data-center-specific incentive (generic business incentives only) or an actively hostile posture (moratorium, grid-connection restriction, repeal, or a program closed to new applicants). The tier is an ordinal I assigned by applying this rule to sourced facts, so basis is modeled, not sourced. Amsterdam = LOW. Facts: (1) the Netherlands' national policy instrument is the Spatial Strategy Data Centers 2030 embedded in the NOVI, which is explicitly a 'selective growth' regime - siting is permitted only where energy demand can be met sustainably, residual heat can be supplied to district heating, and digital connectivity requirements are met; (2) hyperscale is steered away from the Amsterdam metropolitan area toward coastal sites such as Eemshaven and Middenmeer, with Amsterdam itself reserved for hyperconnectivity-driven co-location and further growth pushed toward Almere and South Holland - the successor regime to the 2019-2020 Amsterdam and Haarlemmermeer construction moratorium; (3) there is no data-centre-specific tax incentive, only the generic Energy Investment Allowance (EIA) available to any business. Siting restriction plus no sector incentive = low.",filled
de-frankfurt,incentive_tier,high / medium / low,low,,,https://www.gesetze-im-internet.de/enefg/,2023-11,modeled,"Rule applied to all 25 tier rows: HIGH = a statutory, data-center-specific incentive with a 10+ year term, materially covering the dominant cost base (equipment/energy or property), still open to new applicants, with a live pipeline of facilities using it. MEDIUM = a data-center-specific incentive exists but is narrower - shorter than 10 years, equipment-only, discretionary/negotiated, capped, or currently paused. LOW = no data-center-specific incentive (generic business incentives only) or an actively hostile posture (moratorium, grid-connection restriction, repeal, or a program closed to new applicants). The tier is an ordinal I assigned by applying this rule to sourced facts, so basis is modeled, not sourced. Frankfurt = LOW. Facts: (1) Germany's data-centre-specific legislation is the Energieeffizienzgesetz (EnEfG, in force from 18 Nov 2023), whose Abschnitt 4 is devoted to Rechenzentren (Secs. 11-14) - it imposes obligations (PUE limits, waste-heat reuse, renewable electricity, energy management and register reporting) and confers no tax relief or subsidy; (2) there is no data-centre-specific sales, equipment or property tax incentive in Germany, only generic investment and R&D allowances open to all sectors; (3) the binding constraints in the Frankfurt market are power price and grid capacity, not fiscal. An obligations-only statutory regime is the textbook low case.",filled
uk-slough,incentive_tier,high / medium / low,low,,,https://www.gov.uk/government/collections/ai-growth-zones,2026-01,modeled,"Rule applied to all 25 tier rows: HIGH = a statutory, data-center-specific incentive with a 10+ year term, materially covering the dominant cost base (equipment/energy or property), still open to new applicants, with a live pipeline of facilities using it. MEDIUM = a data-center-specific incentive exists but is narrower - shorter than 10 years, equipment-only, discretionary/negotiated, capped, or currently paused. LOW = no data-center-specific incentive (generic business incentives only) or an actively hostile posture (moratorium, grid-connection restriction, repeal, or a program closed to new applicants). The tier is an ordinal I assigned by applying this rule to sourced facts, so basis is modeled, not sourced. Slough = LOW. Facts: (1) the UK has no data-centre-specific tax incentive - no sales-tax equivalent exemption for IT equipment and no sector property relief; capital allowances are the ordinary corporate regime; (2) the one live sector programme, AI Growth Zones, offers planning support and improved access to power rather than tax relief, and the five zones designated so far are Oxfordshire (30 Apr 2025), the North East (16 Sep 2025), North Wales (13 Nov 2025), South Wales (20 Nov 2025) and Scotland/Lanarkshire (29 Jan 2026) - none in Slough or the Thames Valley, so Slough is outside the only support instrument that exists; (3) Slough's constraint is West London grid capacity, which no fiscal measure addresses.",filled
fr-paris,incentive_tier,high / medium / low,medium,,,https://knowledge.sdialliance.org/policies/france-offers-reduced-energy-tax-for-data-centers-that-meet-efficiency-criteria,2024-02,modeled,"Rule applied to all 25 tier rows: HIGH = a statutory, data-center-specific incentive with a 10+ year term, materially covering the dominant cost base (equipment/energy or property), still open to new applicants, with a live pipeline of facilities using it. MEDIUM = a data-center-specific incentive exists but is narrower - shorter than 10 years, equipment-only, discretionary/negotiated, capped, or currently paused. LOW = no data-center-specific incentive (generic business incentives only) or an actively hostile posture (moratorium, grid-connection restriction, repeal, or a program closed to new applicants). The tier is an ordinal I assigned by applying this rule to sourced facts, so basis is modeled, not sourced. Paris = MEDIUM. Facts: (1) France does have a data-centre-specific fiscal instrument - a reduced rate of the excise on electricity (the accise sur l'electricite, formerly TICFE/CSPE, restructured from 1 February 2024) for 'centres de stockage de donnees' on the consumption fraction above 1 GWh per calendar year, conditional on meeting energy-efficiency and ecological criteria; (2) it is an energy-tax rate reduction only - there is no data-centre-specific equipment or property tax exemption and no fixed multi-year committed term, so it does not clear the high bar; (3) the other support is generic, principally the Credit d'Impot Recherche research tax credit, which is open to all sectors. A real but narrow, energy-only sector measure = medium.",filled
se-lulea,incentive_tier,high / medium / low,low,,,https://knowledge.sdialliance.org/policies/sweden-abolishes-tax-incentives-for-data-centers,2024-06,modeled,"Rule applied to all 25 tier rows: HIGH = a statutory, data-center-specific incentive with a 10+ year term, materially covering the dominant cost base (equipment/energy or property), still open to new applicants, with a live pipeline of facilities using it. MEDIUM = a data-center-specific incentive exists but is narrower - shorter than 10 years, equipment-only, discretionary/negotiated, capped, or currently paused. LOW = no data-center-specific incentive (generic business incentives only) or an actively hostile posture (moratorium, grid-connection restriction, repeal, or a program closed to new applicants). The tier is an ordinal I assigned by applying this rule to sourced facts, so basis is modeled, not sourced. Lulea = LOW, and any source still quoting Sweden's energy tax refund is stale. Facts: (1) Sweden abolished the data-centre energy tax reduction with effect from 1 July 2023 - the deduction/refund on electricity consumed in computer halls and the ability to register as a voluntary taxpayer for that electricity were both removed, per the Swedish Tax Agency (Skatteverket) as recorded on this page dated 29 June 2024; (2) before the repeal the benefit was the difference between the standard rate and 0.6 ore per kWh, i.e. a near-total energy tax exemption - the single largest reason Lulea was competitive, and it is gone; (3) nothing data-centre-specific replaced it, and the Swedish National Audit Office concluded the scheme had been poorly implemented. Post-repeal, Lulea competes on climate and power price, not on incentives.",filled
no-oslo,incentive_tier,high / medium / low,low,,,https://www.regjeringen.no/no/aktuelt/avvikler-redusert-elavgift-for-datasentre-og-kryptoutvinning/id2930646/,2022-10,modeled,"Rule applied to all 25 tier rows: HIGH = a statutory, data-center-specific incentive with a 10+ year term, materially covering the dominant cost base (equipment/energy or property), still open to new applicants, with a live pipeline of facilities using it. MEDIUM = a data-center-specific incentive exists but is narrower - shorter than 10 years, equipment-only, discretionary/negotiated, capped, or currently paused. LOW = no data-center-specific incentive (generic business incentives only) or an actively hostile posture (moratorium, grid-connection restriction, repeal, or a program closed to new applicants). The tier is an ordinal I assigned by applying this rule to sourced facts, so basis is modeled, not sourced. Oslo = LOW. Facts: (1) Norway's Ministry of Finance announced on 6 October 2022, as part of the 2023 budget, that it was abolishing the reduced electricity tax rate for data centres - 'kraft til datasentre vil dermed vaere ilagt elavgift etter alminnelige satser', i.e. power to data centres is now taxed at the general rate like any other service industry; (2) the stated reason was power scarcity and the impossibility of separating crypto-mining load from other data centre load, so the whole reduced rate was withdrawn rather than narrowed; (3) no data-centre-specific tax incentive replaced it, and Norway has since moved further the other way with a proposed ban on new crypto-mining data centres. Removal of the one sector instrument = low.",filled
sg-singapore,incentive_tier,high / medium / low,low,,,https://www.edb.gov.sg/en/about-edb/media-releases-publications/launch-of-second-data-centre-call-for-application.html,2025-12,modeled,"Rule applied to all 25 tier rows: HIGH = a statutory, data-center-specific incentive with a 10+ year term, materially covering the dominant cost base (equipment/energy or property), still open to new applicants, with a live pipeline of facilities using it. MEDIUM = a data-center-specific incentive exists but is narrower - shorter than 10 years, equipment-only, discretionary/negotiated, capped, or currently paused. LOW = no data-center-specific incentive (generic business incentives only) or an actively hostile posture (moratorium, grid-connection restriction, repeal, or a program closed to new applicants). The tier is an ordinal I assigned by applying this rule to sourced facts, so basis is modeled, not sourced. Singapore = LOW, with the reason stated precisely because it is easy to mislabel. Facts: (1) the 2019-2022 moratorium was lifted and replaced by a Call for Application, and the second round (DC-CFA2) was launched on 1 December 2025 making at least 200 MW of capacity available, with registration closing 5 December 2025; (2) a CFA is an ALLOCATION mechanism - operators compete for scarce megawatts against energy-efficiency and green-energy criteria - not a fiscal incentive; winning gives you the right to build, not a tax reduction; (3) Singapore has no data-centre-specific tax exemption; fiscal support is via generic, negotiated schemes open to all industries. Rationed capacity with sustainability conditions attached scores low on an incentive scale even though the market itself is highly attractive.",filled
jp-tokyo,incentive_tier,high / medium / low,,,,,,,"Tokyo = NOT FOUND; no value assigned rather than a guessed tier. What I searched and where I looked: web search for Japanese national and Tokyo-metropolitan data centre incentives, METI subsidy programmes, and tax measures ('Japan METI data center subsidy incentive', 'Japan data center government support', and the Japanese-language equivalent for METI data centre subsidies); I tried to open METI's English press index (https://www.meti.go.jp/english/press/index.html) and METI's English information-service policy page, which returned 403 to the fetcher; news-index queries returned only private investment stories (e.g. Blackstone's planned 30bn USD Japan AI data centre programme, June 2026) and no government instrument. I could not open a live page that states a Japanese data-centre-specific tax exemption, abatement or subsidy programme with terms, so per the no-guessing rule the value is left null. Note for a follow-up pass: the likely instruments to check are METI/NEDO regional data centre development subsidies and the Digital Garden City programme, plus any Tokyo Metropolitan Government measures.",gap
in-mumbai,incentive_tier,high / medium / low,,,,,,,"Mumbai = NOT FOUND; no value assigned. What I searched and where I looked: web searches for 'Maharashtra data centre policy stamp duty electricity duty exemption', 'Maharashtra data centre policy 2025 incentives expanded', and India national data centre policy; I opened the Maharashtra IT department site (https://it.maharashtra.gov.in/) and its Policies and Guidelines listing (https://it.maharashtra.gov.in/document-category/policies-guidelines/), which lists e-governance, telecom infrastructure, fintech and CSC policies but NO data centre policy document; MeitY's data-centre-policy page returned no readable content; Invest India's data centres sector page returned 403 to both fetchers; the two news articles that would confirm the current Maharashtra position (Moneycontrol on the state's data-centre policy shift, and Economic Times / Hindustan Times on the policy being expanded statewide with wider incentives) were paywalled or blocked by the fetch proxy. I have strong indications that Maharashtra runs an explicit data centre policy with stamp duty and electricity duty relief and that it was recently widened statewide, but I could not open a live page stating it, so I am not recording a tier. For contrast, I could open Economic Times on GUJARAT's new data centre policy offering capital, power and tax incentives (https://economictimes.indiatimes.com/news/india/gujarat-unveils-data-centre-policy-to-attract-ai-investments-state-offers-capital-power-and-tax-incentives/articleshow/132296992.cms), but that is a different state and does not govern Mumbai.",gap
br-sao-paulo,incentive_tier,high / medium / low,low,,,https://www.planalto.gov.br/ccivil_03/_ato2023-2026/2025/Mpv/mpv1318.htm,2025-09,modeled,"Rule applied to all 25 tier rows: HIGH = a statutory, data-center-specific incentive with a 10+ year term, materially covering the dominant cost base (equipment/energy or property), still open to new applicants, with a live pipeline of facilities using it. MEDIUM = a data-center-specific incentive exists but is narrower - shorter than 10 years, equipment-only, discretionary/negotiated, capped, or currently paused. LOW = no data-center-specific incentive (generic business incentives only) or an actively hostile posture (moratorium, grid-connection restriction, repeal, or a program closed to new applicants). The tier is an ordinal I assigned by applying this rule to sourced facts, so basis is modeled, not sourced. Sao Paulo = LOW, and the reason is a lapsed instrument rather than an absent one. Facts: (1) Brazil did create a data-centre-specific federal regime, REDATA (Regime Especial de Tributacao para Servicos de Datacenter), by Medida Provisoria 1.318 of 17 September 2025, which amended Lei 11.196/2005 to suspend federal taxes on datacenter capital goods for habilitated projects, conditional on making at least 10% of installed processing, storage and data-handling capacity available to the domestic market; (2) the Planalto page for MP 1.318 carries the status 'Vigencia encerrada' - the provisional measure lapsed, with no 'Convertida na Lei' note, so the regime is not in force; (3) what remains is generic: Lei do Bem R&D incentives under the same Lei 11.196/2005 and negotiated state ICMS treatment, neither data-centre-specific. Caveat stated plainly: if Congress later enacts a REDATA conversion or successor law this row should move to medium or high, so re-check before use.",filled
mx-queretaro,incentive_tier,high / medium / low,,,,,,,"Queretaro = NOT FOUND; no value assigned. What I searched and where I looked: web searches for Mexican data centre fiscal incentives, 'Mexico decreto estimulos fiscales Plan Mexico data centers', 'Queretaro centros de datos incentivos fiscales', and IMMEX/decreto coverage; I tried the Secretaria de Economia site search (https://www.gob.mx/busqueda) and gob.mx section pages, which returned only JavaScript shells with no readable content to the fetchers, and dof.gob.mx did not respond; news-index queries returned only market-demand articles (e.g. nearshoring and CBRE demand pieces) and nothing stating a data-centre-specific programme with terms. The instruments that need checking on a follow-up pass are the January 2025 Plan Mexico fiscal-incentives decree (immediate/accelerated deduction of new fixed assets plus a training deduction), the IMMEX programme as applied to data centre equipment imports, and any Queretaro state-level incentive agreement. Because I could not open a live page confirming any of these applies to data centres, the value is left null rather than assigned.",gap
ca-toronto,incentive_tier,high / medium / low,low,,,https://toronto.citynews.ca/2026/07/28/mississauga-toronto-ontario-ai-data-centres/,2026-07,modeled,"Rule applied to all 25 tier rows: HIGH = a statutory, data-center-specific incentive with a 10+ year term, materially covering the dominant cost base (equipment/energy or property), still open to new applicants, with a live pipeline of facilities using it. MEDIUM = a data-center-specific incentive exists but is narrower - shorter than 10 years, equipment-only, discretionary/negotiated, capped, or currently paused. LOW = no data-center-specific incentive (generic business incentives only) or an actively hostile posture (moratorium, grid-connection restriction, repeal, or a program closed to new applicants). The tier is an ordinal I assigned by applying this rule to sourced facts, so basis is modeled, not sourced. Toronto = LOW. Facts: (1) I found no data-centre-specific tax incentive at either the Ontario or Canadian federal level - support for data centres runs through generic corporate capital cost allowance and general economic development programmes, not a sector exemption or abatement; (2) the municipal direction is restrictive rather than promotional - as of 28 July 2026 a Mississauga councillor was moving a notice of motion to pause AI data centres while Toronto councillors grappled with proposed facilities amid environmental concerns, with residents seeking a Toronto moratorium; (3) the backlash is province-wide across Ontario communities. Absence of a sector incentive plus active municipal pause motions places Toronto firmly in the low band.",filled
ie-dublin,grid_interconnection_years,years,9,8,12,https://www.cru.ie/publications/,2025-12,sourced,"CRU decision 2025236, 12 Dec 2025. Greater Dublin fully constrained, new connections unlikely before the mid 2030s.",filled
nl-amsterdam,grid_interconnection_years,years,9,8,12,https://www.tennet.eu/,2026-01,sourced,Arnhem court upheld TenneT refusal of a 70 MW connection. Schiphol region constrained to about 2035.,filled
de-frankfurt,grid_interconnection_years,years,9,8,12,https://www.netzdienste-rhein-main.de/,2026-01,sourced,NRM Rhein-Main large connections only from the mid 2030s.,filled
uk-slough,grid_interconnection_years,years,5,4,7,https://www.neso.energy/,2026-01,modeled,Cross check against the NESO TEC register.,filled
fr-paris,grid_interconnection_years,years,7,6,9,https://www.rte-france.com/,2026-01,sourced,"RTE about 18 GW reserved across roughly 80 projects, Ile de France about 7 GW.",filled
se-lulea,grid_interconnection_years,years,7,6,10,https://www.svk.se/,2026-01,sourced,Svenska kraftnat working to cut lead times from 12 to 14 years down to 7. Norrbotten requested offtake about 20 GW.,filled
no-oslo,grid_interconnection_years,years,5,4,7,https://www.statnett.no/,2026-01,sourced,Statnett publishes a load connection queue.,filled
sg-singapore,grid_interconnection_years,years,,,,https://www.edb.gov.sg/en/about-edb/media-releases-publications/launch-of-second-data-centre-call-for-application.html,2025-12,,"Not applicable as a queue wait: Singapore does not operate a grid interconnection queue for new data centres, so there is no number of years to report. Since the 2019-2022 moratorium was lifted, new data centre capacity in Singapore is ALLOCATED, not queued - the Economic Development Board (EDB) and the Infocomm Media Development Authority (IMDA) run a periodic Data Centre Call for Application (DC-CFA) in which operators bid and capacity is awarded competitively on published criteria (energy efficiency/PUE, green energy commitment, economic contribution, resilience), with EMA governing the underlying power system. Cited page is EDB's 1 December 2025 media release launching the second call (DC-CFA2): at least 200MW of capacity made available, with more possible via new green energy pathways; registration of interest closed 5 December 2025 and the application window closed 31 March 2026. The first round (DC-CFA1, 2023) awarded roughly 80MW in total to Equinix, GDS, Microsoft and an AirTrunk-ByteDance consortium. Consequence for the model: an operator without an award has no interconnection timeline at all, and an awardee's timeline is set by the award and build schedule rather than by a utility queue - so a numeric value here would be fabricated. Searched: ema.gov.sg (partnerships/calls-for-proposals and site-restricted search - EMA publishes generation-capacity and electricity-import RFPs, no data centre connection queue), edb.gov.sg DC-CFA2 release, and Data Center Dynamics coverage (https://www.datacenterdynamics.com/en/news/singapore-opens-call-to-develop-200mw-of-data-center-capacity/).",gap
jp-tokyo,grid_interconnection_years,years,5,4,7,,,assumed,Unsourced. Flag as low confidence in the app.,filled
in-mumbai,grid_interconnection_years,years,3.5,3,5,,,assumed,Unsourced. Flag as low confidence.,filled
br-sao-paulo,grid_interconnection_years,years,5,4,7,,,assumed,No published queue. Band estimated. Needs a source or mark low confidence.,filled
mx-queretaro,grid_interconnection_years,years,5,4,7,,,assumed,Unsourced. CFE publishes nothing usable.,filled
ca-toronto,grid_interconnection_years,years,3.5,3,4,https://www.ieso.ca/,2026-01,sourced,"IESO publishes the only official stage by stage duration breakdown, six stages, several months to 3.5 years.",filled
